year,exam_date,paper_variant,booklet_series,question_number,subject,sub_topic,question_type,option_count,statement_count,list_item_count,option_combination_pattern,is_all_or_none_correct,all_none_literal_phrasing,correct_option,key_status,difficulty_guess,ambiguous_subject,ambiguous_note,ca_recency_months,source_type_guess,question_text_en,needs_sme_recheck,sme_recheck_reason
67th-reexam,2022-09-30,re-exam,B,1,History,Modern,simple_mcq,5,,,,FALSE,FALSE,B,provisional,medium,FALSE,,,NCERT-level,Who got Labour Dept portfolio in Interim Govt Cabinet 1946 (Jagjivan Ram),FALSE,
67th-reexam,2022-09-30,re-exam,B,2,Bihar-Specific,History & Culture,simple_mcq,5,,,,FALSE,FALSE,A,provisional,medium,FALSE,,,specialized reference,1942 festival when JP Narayan escaped Hazaribagh jail (Deepawali),FALSE,
67th-reexam,2022-09-30,re-exam,B,3,History,Modern,simple_mcq,5,,,,FALSE,FALSE,A,provisional,medium,TRUE,Rajendra Prasad — Bihar figure,,NCERT-level,Dr. Rajendra Prasad elected Chairman of Constituent Assembly in (December 1946),FALSE,
67th-reexam,2022-09-30,re-exam,B,4,History,Modern,simple_mcq,5,,,,FALSE,FALSE,A,provisional,easy,FALSE,,,NCERT-level,Who is known as 'Frontier Gandhi' (Abdul Gaffar Khan),FALSE,
67th-reexam,2022-09-30,re-exam,B,5,History,Modern,simple_mcq,5,,,,FALSE,FALSE,D,provisional,easy,FALSE,,,NCERT-level,Where did Rani Laxmibai of Jhansi die (Gwalior),FALSE,
67th-reexam,2022-09-30,re-exam,B,6,History,Modern,simple_mcq,5,,,,FALSE,FALSE,B,provisional,medium,FALSE,,,specialized reference,Who said Bengal Partition 'fell like a bomb shell' (Surendra Nath Bannerjee),FALSE,
67th-reexam,2022-09-30,re-exam,B,7,History,Modern,simple_mcq,5,,,,FALSE,FALSE,D,provisional,medium,FALSE,,,specialized reference,Sardar Udham Singh killed whom (Michael O'Dwyer),FALSE,
67th-reexam,2022-09-30,re-exam,B,8,History,Modern,simple_mcq,5,,,,FALSE,FALSE,B,provisional,medium,FALSE,,,NCERT-level,Who successfully led the Bardoli Satyagraha (Vallabhbhai Patel),FALSE,
67th-reexam,2022-09-30,re-exam,B,9,History,Modern,simple_mcq,5,,,,FALSE,FALSE,C,provisional,medium,FALSE,,,NCERT-level,Who was NOT a member of the 1946 Cabinet Mission (Ramsay MacDonald),FALSE,
67th-reexam,2022-09-30,re-exam,B,10,History,Modern,simple_mcq,5,,,,FALSE,FALSE,D,provisional,easy,FALSE,,,NCERT-level,Year of the Gandhi-Irwin Pact (1931 AD),FALSE,
67th-reexam,2022-09-30,re-exam,B,11,History,Modern,simple_mcq,5,,,,FALSE,FALSE,D,provisional,medium,FALSE,,,NCERT-level,Session where INC passed Complete Independence Resolution (1929 Lahore),FALSE,
67th-reexam,2022-09-30,re-exam,B,12,History,Modern,simple_mcq,5,,,,FALSE,FALSE,B,provisional,medium,FALSE,,,specialized reference,Subhas Chandra Bose renamed Nicobar Island as (Swaraj Island),FALSE,
67th-reexam,2022-09-30,re-exam,B,13,History,Modern,simple_mcq,5,,,,FALSE,FALSE,A,provisional,easy,FALSE,,,NCERT-level,State of 'Chauri Chaura' incident Feb 1922 (Uttar Pradesh),FALSE,
67th-reexam,2022-09-30,re-exam,B,14,Bihar-Specific,History & Culture,simple_mcq,5,,,,FALSE,FALSE,D,provisional,medium,FALSE,,,NCERT-level,Place Khudiram Bose tried to kill Kingsford (Muzaffarpur),FALSE,
67th-reexam,2022-09-30,re-exam,B,15,Bihar-Specific,History & Culture,simple_mcq,5,,,,FALSE,FALSE,A,provisional,medium,FALSE,,,specialized reference,'Azad Dasta' active in Bihar during which Movement (Quit India),FALSE,
67th-reexam,2022-09-30,re-exam,B,16,Reasoning & Aptitude,Quantitative/Numerical,reasoning_aptitude,5,,,,FALSE,FALSE,D,provisional,medium,FALSE,,,specialized reference,"Numbers 100-500 divisible by 4,5,6 (6)",FALSE,
67th-reexam,2022-09-30,re-exam,B,17,Reasoning & Aptitude,Quantitative/Numerical,reasoning_aptitude,5,,,,FALSE,FALSE,C,provisional,medium,FALSE,,,specialized reference,Sand:cement ratio mixture problem (28 kg),FALSE,
67th-reexam,2022-09-30,re-exam,B,18,Reasoning & Aptitude,Quantitative/Numerical,reasoning_aptitude,5,,,,FALSE,FALSE,D,provisional,medium,FALSE,,,specialized reference,"Oranges: 25% loss at Rs150/dozen, rate for 20% profit",FALSE,
67th-reexam,2022-09-30,re-exam,B,19,Reasoning & Aptitude,Quantitative/Numerical,reasoning_aptitude,5,,,,FALSE,FALSE,C,provisional,easy,FALSE,,,specialized reference,Rhombus diagonals 10cm/24cm — perimeter (52 cm),FALSE,
67th-reexam,2022-09-30,re-exam,B,20,Reasoning & Aptitude,Quantitative/Numerical,reasoning_aptitude,5,,,,FALSE,FALSE,D,provisional,medium,FALSE,,,specialized reference,Train 140m at 60km/hr crosses dog at 18km/hr in (12 seconds),FALSE,
67th-reexam,2022-09-30,re-exam,B,21,Reasoning & Aptitude,Quantitative/Numerical,reasoning_aptitude,5,,,,FALSE,FALSE,C,provisional,hard,FALSE,,,specialized reference,Clock gains 10 min/24hr — right time when clock shows 11am next day,FALSE,
67th-reexam,2022-09-30,re-exam,B,22,Reasoning & Aptitude,Quantitative/Numerical,reasoning_aptitude,5,,,,FALSE,FALSE,D,provisional,medium,FALSE,,,specialized reference,Clock hands coincide between 5 and 6,FALSE,
67th-reexam,2022-09-30,re-exam,B,23,Reasoning & Aptitude,Quantitative/Numerical,reasoning_aptitude,5,,,,FALSE,FALSE,A,provisional,medium,FALSE,,,specialized reference,"Anil+Suman work in 12 days, Anil alone 20 days — Suman alone (30 days)",FALSE,
67th-reexam,2022-09-30,re-exam,B,24,Reasoning & Aptitude,Quantitative/Numerical,reasoning_aptitude,5,,,,FALSE,FALSE,D,provisional,medium,FALSE,,,specialized reference,"Class 55: 34 like Cricket, 26 Badminton, both games — overlap (Venn diagram)",FALSE,
67th-reexam,2022-09-30,re-exam,B,25,Reasoning & Aptitude,Quantitative/Numerical,reasoning_aptitude,5,,,,FALSE,FALSE,A,provisional,hard,FALSE,,,specialized reference,"Two natural numbers: product 2400, sum of squares 5200 (60,40)",FALSE,
67th-reexam,2022-09-30,re-exam,B,26,Science & Technology,Biology,simple_mcq,5,,,,FALSE,FALSE,A,provisional,easy,FALSE,,,NCERT-level,Plants receive nutrients mainly from (soil),FALSE,
67th-reexam,2022-09-30,re-exam,B,27,Science & Technology,Biology,simple_mcq,5,,,,FALSE,FALSE,C,provisional,medium,FALSE,,,NCERT-level,Pine/Fir/Spruce/Cedar/Larch/Cypress belong to (gymnosperm),FALSE,
67th-reexam,2022-09-30,re-exam,B,28,Science & Technology,Biology,simple_mcq,5,,,,FALSE,FALSE,A,provisional,medium,FALSE,,,NCERT-level,Correctly matched pair (disease-treatment),FALSE,
67th-reexam,2022-09-30,re-exam,B,29,Science & Technology,Biology,simple_mcq,5,,,,FALSE,FALSE,C,provisional,medium,FALSE,,,NCERT-level,Animal without red blood cells (earthworm),FALSE,
67th-reexam,2022-09-30,re-exam,B,30,Science & Technology,Biology,simple_mcq,5,,,,FALSE,FALSE,D,provisional,medium,FALSE,,,NCERT-level,Ultimate substance carbohydrates degraded to (glucose),FALSE,
67th-reexam,2022-09-30,re-exam,B,31,Science & Technology,Biology,simple_mcq,5,,,,FALSE,FALSE,B,provisional,medium,FALSE,,,NCERT-level,Most enzymes are (proteins),FALSE,
67th-reexam,2022-09-30,re-exam,B,32,Science & Technology,Biology,simple_mcq,5,,,,FALSE,FALSE,A,provisional,medium,FALSE,,,NCERT-level,First scientist/doctor who attempted vaccination (Edward Jenner),FALSE,
67th-reexam,2022-09-30,re-exam,B,33,Science & Technology,Physics,simple_mcq,5,,,,FALSE,FALSE,D,provisional,medium,FALSE,,,NCERT-level,Working principle of a washing machine (centrifugation),FALSE,
67th-reexam,2022-09-30,re-exam,B,34,Science & Technology,Physics,simple_mcq,5,,,,FALSE,FALSE,A,provisional,medium,FALSE,,,NCERT-level,Speed of light minimum while passing through (glass),FALSE,
67th-reexam,2022-09-30,re-exam,B,35,Science & Technology,Physics,simple_mcq,5,,,,FALSE,FALSE,B,provisional,medium,FALSE,,,NCERT-level,Which is NOT a vector quantity (Speed),FALSE,
67th-reexam,2022-09-30,re-exam,B,36,Science & Technology,Physics,simple_mcq,5,,,,FALSE,FALSE,C,provisional,medium,FALSE,,,NCERT-level,"If earth's spinning speed increases, weight at equator will (decrease)",FALSE,
67th-reexam,2022-09-30,re-exam,B,37,History,Ancient,simple_mcq,5,,,,FALSE,FALSE,B,provisional,hard,TRUE,could be Science & Tech/Physics,,specialized reference,First person to define speed (Galileo),FALSE,
67th-reexam,2022-09-30,re-exam,B,38,Science & Technology,Chemistry,simple_mcq,5,,,,FALSE,FALSE,A,provisional,medium,FALSE,,,NCERT-level,Equal volumes of gases contain equal molecules — law (Avogadro's law),FALSE,
67th-reexam,2022-09-30,re-exam,B,39,Science & Technology,Physics,simple_mcq,5,,,,FALSE,FALSE,B,provisional,easy,FALSE,,,NCERT-level,'Theory of relativity' presented by (Albert Einstein),FALSE,
67th-reexam,2022-09-30,re-exam,B,40,Science & Technology,Physics,simple_mcq,5,,,,FALSE,FALSE,B,provisional,hard,FALSE,,,NCERT-level,Potential variation due to temperature variation along conductor (Seebeck effect),FALSE,
67th-reexam,2022-09-30,re-exam,B,41,Science & Technology,Physics,simple_mcq,5,,,,FALSE,FALSE,D,provisional,easy,FALSE,,,NCERT-level,Lens used in magnifying glass (Convex lens),FALSE,
67th-reexam,2022-09-30,re-exam,B,42,Science & Technology,Physics,simple_mcq,5,,,,FALSE,FALSE,A,provisional,medium,FALSE,,,NCERT-level,Paramagnetic theory of magnetism applies to (platinum),FALSE,
67th-reexam,2022-09-30,re-exam,B,43,Science & Technology,Physics,simple_mcq,5,,,,FALSE,FALSE,D,provisional,easy,FALSE,,,NCERT-level,Nucleus of an atom consists of (protons and neutrons),FALSE,
67th-reexam,2022-09-30,re-exam,B,44,Science & Technology,Chemistry,simple_mcq,5,,,,FALSE,FALSE,B,provisional,medium,FALSE,,,NCERT-level,Metallurgical process where metal obtained in fused state (smelting),FALSE,
67th-reexam,2022-09-30,re-exam,B,45,Science & Technology,Chemistry,simple_mcq,5,,,,FALSE,FALSE,B,provisional,easy,FALSE,,,NCERT-level,Constituents of brass (Zinc and copper),FALSE,
67th-reexam,2022-09-30,re-exam,B,46,Science & Technology,Chemistry,simple_mcq,5,,,,FALSE,FALSE,B,provisional,medium,FALSE,,,NCERT-level,Known as quicklime (CaO),FALSE,
67th-reexam,2022-09-30,re-exam,B,47,Science & Technology,Chemistry,simple_mcq,5,,,,FALSE,FALSE,D,provisional,medium,FALSE,,,NCERT-level,What happens to weight of iron when it rusts (Increases for long time),FALSE,
67th-reexam,2022-09-30,re-exam,B,48,Science & Technology,Chemistry,simple_mcq,5,,,,FALSE,FALSE,D,provisional,medium,FALSE,,,NCERT-level,Known as white metal (Platinum),FALSE,
67th-reexam,2022-09-30,re-exam,B,49,Science & Technology,Chemistry,statement_based,5,2,,1 only,FALSE,FALSE,B,provisional,medium,FALSE,,,NCERT-level,Noble metals statements — which correct,FALSE,
67th-reexam,2022-09-30,re-exam,B,50,Science & Technology,Chemistry,statement_based,5,2,,1 only,FALSE,FALSE,A,provisional,medium,FALSE,,,NCERT-level,Salt/methyl alcohol boiling point statements — which correct,FALSE,
67th-reexam,2022-09-30,re-exam,B,51,Science & Technology,Chemistry,simple_mcq,5,,,,FALSE,FALSE,B,provisional,easy,FALSE,,,NCERT-level,Main constituent of biogas (Methane),FALSE,
67th-reexam,2022-09-30,re-exam,B,52,Science & Technology,Chemistry,simple_mcq,5,,,,FALSE,FALSE,B,provisional,medium,FALSE,,,NCERT-level,Cause of bright red colour in crackers (Strontium),FALSE,
67th-reexam,2022-09-30,re-exam,B,53,Science & Technology,Biology,simple_mcq,5,,,,FALSE,FALSE,A,provisional,medium,FALSE,,,NCERT-level,Salt-loving plants called (Halophytes),FALSE,
67th-reexam,2022-09-30,re-exam,B,54,Science & Technology,Biology,simple_mcq,5,,,,FALSE,FALSE,D,provisional,medium,FALSE,,,NCERT-level,Fungi are plants that lack (chlorophyll),FALSE,
67th-reexam,2022-09-30,re-exam,B,55,Science & Technology,Biology,simple_mcq,5,,,,FALSE,FALSE,B,provisional,medium,FALSE,,,NCERT-level,Pollination best defined as (transfer of pollen grain anther to stigma),FALSE,
67th-reexam,2022-09-30,re-exam,B,56,Bihar-Specific,Polity & Governance,match_the_following,5,,4,,FALSE,FALSE,D,provisional,hard,FALSE,,,current_affairs,"Match Bihar posts with officeholders (Governor, CJ, CM, CEO)",FALSE,
67th-reexam,2022-09-30,re-exam,B,57,Bihar-Specific,Recent Developments,simple_mcq,5,,,,FALSE,FALSE,A,provisional,medium,FALSE,,,current_affairs,'Operation Prahar' in Bihar related to (liquor ban),FALSE,
67th-reexam,2022-09-30,re-exam,B,58,Bihar-Specific,Recent Developments,simple_mcq,5,,,,FALSE,FALSE,B,provisional,medium,FALSE,,,current_affairs,Hrithik Anand from Bihar won which medal at 24th Deaf Badminton Olympics (Gold),FALSE,
67th-reexam,2022-09-30,re-exam,B,59,Bihar-Specific,Recent Developments,simple_mcq,5,,,,FALSE,FALSE,B,provisional,medium,FALSE,,,current_affairs,North India's first bird ringing station opened in Bihar at (Bhagalpur),FALSE,
67th-reexam,2022-09-30,re-exam,B,60,Bihar-Specific,Recent Developments,simple_mcq,5,,,,FALSE,FALSE,D,provisional,medium,FALSE,,,specialized reference,Which started the Vulture's Conservation Plan in Bihar (Kanwar Lake Bird Sanctuary),FALSE,
67th-reexam,2022-09-30,re-exam,B,61,Bihar-Specific,Recent Developments,simple_mcq,5,,,,FALSE,FALSE,B,provisional,medium,FALSE,,,current_affairs,'Sunandini Program' related to (Auxiliary Nurse Midwives),FALSE,
67th-reexam,2022-09-30,re-exam,B,62,Current Affairs,International,simple_mcq,5,,,,FALSE,FALSE,C,provisional,easy,FALSE,,3,current_affairs,Country whose former PM Shinzo Abe was shot dead July 2022 (Japan),FALSE,
67th-reexam,2022-09-30,re-exam,B,63,Current Affairs,International,simple_mcq,5,,,,FALSE,FALSE,A,provisional,medium,FALSE,,,current_affairs,UN resolution on multilingualism — language mentioned for first time (Hindi),FALSE,
67th-reexam,2022-09-30,re-exam,B,64,Current Affairs,International,simple_mcq,5,,,,FALSE,FALSE,B,provisional,medium,FALSE,,7,current_affairs,Who presided UNGA emergency session on Russia-Ukraine (Abdulla Shahid),FALSE,
67th-reexam,2022-09-30,re-exam,B,65,Current Affairs,International,simple_mcq,5,,,,FALSE,FALSE,A,provisional,medium,FALSE,,7,current_affairs,Mission to evacuate Indians from Ukraine Feb 2022 (Operation Ganga),FALSE,
67th-reexam,2022-09-30,re-exam,B,66,Current Affairs,International,simple_mcq,5,,,,FALSE,FALSE,C,provisional,medium,FALSE,,,current_affairs,'Sakteng Wildlife Sanctuary' China claims territory in (Bhutan),FALSE,
67th-reexam,2022-09-30,re-exam,B,67,Current Affairs,National,simple_mcq,5,,,,FALSE,FALSE,D,provisional,easy,FALSE,,,current_affairs,Indian State/UT chosen to host G20 Summit 2023 (Delhi),FALSE,
67th-reexam,2022-09-30,re-exam,B,68,Current Affairs,International,statement_based,5,3,,1 and 2 only,FALSE,FALSE,C,provisional,medium,FALSE,,,current_affairs,UN peacekeeping operations statements — which correct,FALSE,
67th-reexam,2022-09-30,re-exam,B,69,Current Affairs,International,simple_mcq,5,,,,FALSE,FALSE,B,provisional,medium,TRUE,could be Economy/trade,,current_affairs,Country signed FTA with UAE recently (Israel),FALSE,
67th-reexam,2022-09-30,re-exam,B,70,Current Affairs,International,simple_mcq,5,,,,FALSE,FALSE,D,provisional,medium,FALSE,,,current_affairs,Country launched 'Arktika-M' satellite to monitor Arctic climate (Russia),FALSE,
67th-reexam,2022-09-30,re-exam,B,71,Current Affairs,Sports,simple_mcq,5,,,,FALSE,FALSE,B,provisional,medium,FALSE,,,current_affairs,First player to cross 3000 runs in T20 International (Virat Kohli),FALSE,
67th-reexam,2022-09-30,re-exam,B,72,Current Affairs,National,simple_mcq,5,,,,FALSE,FALSE,B,provisional,medium,FALSE,,3,current_affairs,Campaign for complete COVID-19 vaccination June 2022 (Har Ghar Dastak 2.0),FALSE,
67th-reexam,2022-09-30,re-exam,B,73,Current Affairs,National,simple_mcq,5,,,,FALSE,FALSE,C,provisional,easy,FALSE,,3,current_affairs,New CM of Maharashtra after 30 June 2022 (Eknath Shinde),FALSE,
67th-reexam,2022-09-30,re-exam,B,74,Current Affairs,National,simple_mcq,5,,,,FALSE,FALSE,A,provisional,easy,FALSE,,2,current_affairs,Who started Har Ghar Tiranga Abhiyan on India's 75th Independence Day (Central Government),FALSE,
67th-reexam,2022-09-30,re-exam,B,75,Current Affairs,Schemes & Indices,simple_mcq,5,,,,FALSE,FALSE,B,provisional,medium,TRUE,could be Polity,,current_affairs,First State to implement Centre's New Education Policy (Uttarakhand),FALSE,
67th-reexam,2022-09-30,re-exam,B,76,Current Affairs,National,statement_based,5,4,,"1, 3 and 4 only",FALSE,FALSE,B,provisional,hard,FALSE,,,current_affairs,Governor-State pairs — which correctly matched,FALSE,
67th-reexam,2022-09-30,re-exam,B,77,Current Affairs,Schemes & Indices,simple_mcq,5,,,,FALSE,FALSE,D,provisional,medium,FALSE,,,current_affairs,Org released 'Youth in India Report 2022' (MoSPI),FALSE,
67th-reexam,2022-09-30,re-exam,B,78,Current Affairs,Sports,simple_mcq,5,,,,FALSE,FALSE,C,provisional,medium,FALSE,,,current_affairs,"Elavenil Valarivan, Shreya Agarwal, Ramita associated with (Shooting)",FALSE,
67th-reexam,2022-09-30,re-exam,B,79,Current Affairs,Awards & Appointments,simple_mcq,5,,,,FALSE,FALSE,B,provisional,medium,FALSE,,,current_affairs,Recently assigned charge of Ministry of Minority Affairs (Smriti Irani),FALSE,
67th-reexam,2022-09-30,re-exam,B,80,Current Affairs,National,simple_mcq,5,,,,FALSE,FALSE,B,provisional,easy,FALSE,,2,current_affairs,UPA candidate in 15th Presidential Election (Yashwant Sinha),FALSE,
67th-reexam,2022-09-30,re-exam,B,81,Current Affairs,Awards & Appointments,simple_mcq,5,,,,FALSE,FALSE,B,provisional,easy,FALSE,,4,current_affairs,International Booker Prize for 'Tomb of Sand' (Geetanjali Shree),FALSE,
67th-reexam,2022-09-30,re-exam,B,82,Bihar-Specific,Recent Developments,simple_mcq,5,,,,FALSE,FALSE,C,provisional,medium,FALSE,,,current_affairs,Dadasaheb Phalke Indian Television Award 2022 winner from Bihar (Shatrughan Sinha),FALSE,
67th-reexam,2022-09-30,re-exam,B,83,Bihar-Specific,Economy,simple_mcq,5,,,,FALSE,FALSE,D,provisional,hard,FALSE,,,specialized reference,Bihar urbanization level per Economic Survey 2021-22 (11.6%),FALSE,
67th-reexam,2022-09-30,re-exam,B,84,Bihar-Specific,Economy,simple_mcq,5,,,,FALSE,FALSE,D,provisional,medium,FALSE,,,specialized reference,Brand Ambassador of Khadi in Bihar (Manoj Tiwari),FALSE,
67th-reexam,2022-09-30,re-exam,B,85,Bihar-Specific,Recent Developments,simple_mcq,5,,,,FALSE,FALSE,C,provisional,medium,FALSE,,,current_affairs,District where world's tallest (251m) Mother Sita statue will be built (Sitamarhi),FALSE,
67th-reexam,2022-09-30,re-exam,B,86,Bihar-Specific,Polity & Governance,simple_mcq,5,,,,FALSE,FALSE,B,provisional,hard,FALSE,,,specialized reference,First Indian Governor of Bihar (Dr. Shri Krishna Singh),FALSE,
67th-reexam,2022-09-30,re-exam,B,87,Bihar-Specific,History & Culture,simple_mcq,5,,,,FALSE,FALSE,C,provisional,medium,FALSE,,,NCERT-level,Leaders of the Santhal Revolt (Sidhu and Kanhu),FALSE,
67th-reexam,2022-09-30,re-exam,B,88,Bihar-Specific,History & Culture,simple_mcq,5,,,,FALSE,FALSE,D,provisional,hard,FALSE,,,specialized reference,Year of the Chauri Revolt of Bihar (1842),FALSE,
67th-reexam,2022-09-30,re-exam,B,89,Bihar-Specific,History & Culture,simple_mcq,5,,,,FALSE,FALSE,C,provisional,medium,FALSE,,,specialized reference,Year Orissa separated from Bihar (1936),FALSE,
67th-reexam,2022-09-30,re-exam,B,90,History,Ancient,simple_mcq,5,,,,FALSE,FALSE,C,provisional,medium,TRUE,Rajagriha — Bihar-linked,,NCERT-level,Where was first Buddhist Council convened (Rajagriha),FALSE,
67th-reexam,2022-09-30,re-exam,B,91,History,Ancient,simple_mcq,5,,,,FALSE,FALSE,D,provisional,medium,FALSE,,,specialized reference,Which Gupta ruler assumed throne after killing elder brother (Chandragupta II),FALSE,
67th-reexam,2022-09-30,re-exam,B,92,History,Ancient,simple_mcq,5,,,,FALSE,FALSE,B,provisional,medium,FALSE,,,specialized reference,Who laid foundation of Vardhana dynasty (Pushyabhuti),FALSE,
67th-reexam,2022-09-30,re-exam,B,93,History,Ancient,simple_mcq,5,,,,FALSE,FALSE,C,provisional,medium,FALSE,,,NCERT-level,Who established trade relations with Roman empire (Kushanas),FALSE,
67th-reexam,2022-09-30,re-exam,B,94,History,Medieval,simple_mcq,5,,,,FALSE,FALSE,D,provisional,hard,FALSE,,,specialized reference,Muslim ruler whose empire regarded part of Dar-ul-Islam (Iltutmish),FALSE,
67th-reexam,2022-09-30,re-exam,B,95,History,Medieval,simple_mcq,5,,,,FALSE,FALSE,C,provisional,medium,FALSE,,,specialized reference,Who opposed the power of the Khalifa (Balban),FALSE,
67th-reexam,2022-09-30,re-exam,B,96,History,Medieval,simple_mcq,5,,,,FALSE,FALSE,B,provisional,medium,FALSE,,,specialized reference,Tughril Khan raised standard of revolt during whose reign (Balban),FALSE,
67th-reexam,2022-09-30,re-exam,B,97,History,Modern,simple_mcq,5,,,,FALSE,FALSE,C,provisional,medium,FALSE,,,NCERT-level,First Mughal ruler who fought against the British (Aurangzeb),FALSE,
67th-reexam,2022-09-30,re-exam,B,98,History,Modern,statement_based,5,4,,"1, 3 and 4 only",FALSE,FALSE,C,provisional,medium,FALSE,,,NCERT-level,Social reforms introduced by William Bentinck,FALSE,
67th-reexam,2022-09-30,re-exam,B,99,History,Modern,simple_mcq,5,,,,FALSE,FALSE,D,provisional,medium,FALSE,,,NCERT-level,Sind was conquered and annexed by (Napier),FALSE,
67th-reexam,2022-09-30,re-exam,B,100,History,Modern,simple_mcq,5,,,,FALSE,FALSE,B,provisional,medium,FALSE,,,NCERT-level,Year first Census introduced in India (1872),FALSE,
67th-reexam,2022-09-30,re-exam,B,101,History,Modern,simple_mcq,5,,,,FALSE,FALSE,C,provisional,easy,FALSE,,,NCERT-level,"Date Sukhdev, Bhagat Singh, Rajguru were hanged (23 March 1931)",FALSE,
67th-reexam,2022-09-30,re-exam,B,102,History,Modern,simple_mcq,5,,,,FALSE,FALSE,A,provisional,hard,FALSE,,,specialized reference,Third Satyagrahi of Individual Satyagraha 1940 (Jawaharlal Nehru),FALSE,
67th-reexam,2022-09-30,re-exam,B,103,History,Modern,simple_mcq,5,,,,FALSE,FALSE,B,provisional,medium,FALSE,,,specialized reference,Who launched secret radio during Quit India Movement (Usha Mehta),FALSE,
67th-reexam,2022-09-30,re-exam,B,104,Bihar-Specific,History & Culture,simple_mcq,5,,,,FALSE,FALSE,D,provisional,hard,FALSE,,,specialized reference,Physician of Magadh ruler Bimbisara (Jeevaka),FALSE,
67th-reexam,2022-09-30,re-exam,B,105,Bihar-Specific,History & Culture,simple_mcq,5,,,,FALSE,FALSE,C,provisional,hard,FALSE,,,specialized reference,Real founder of Turk rule in Bihar (Ibn Bakhtiyar Khilji),FALSE,
67th-reexam,2022-09-30,re-exam,B,106,Bihar-Specific,Geography,simple_mcq,5,,,,FALSE,FALSE,D,provisional,easy,FALSE,,,specialized reference,River known as Sorrow of Bihar (Kosi),FALSE,
67th-reexam,2022-09-30,re-exam,B,107,Bihar-Specific,Geography,simple_mcq,5,,,,FALSE,FALSE,D,provisional,medium,FALSE,,,specialized reference,District where Telhar Kund Waterfall is located (Kaimur),FALSE,
67th-reexam,2022-09-30,re-exam,B,108,Bihar-Specific,Geography,simple_mcq,5,,,,FALSE,FALSE,C,provisional,medium,FALSE,,,specialized reference,Asia's largest freshwater oxbow lake in Bihar (Kanwar Lake),FALSE,
67th-reexam,2022-09-30,re-exam,B,109,Bihar-Specific,Geography,simple_mcq,5,,,,FALSE,FALSE,C,provisional,medium,FALSE,,,specialized reference,Bihar district with largest gold reserve (Jamui),FALSE,
67th-reexam,2022-09-30,re-exam,B,110,Bihar-Specific,Geography,simple_mcq,5,,,,FALSE,FALSE,D,provisional,medium,FALSE,,,specialized reference,Bihar district known as 'silk city' (Bhagalpur),FALSE,
67th-reexam,2022-09-30,re-exam,B,111,Bihar-Specific,Geography,simple_mcq,5,,,,FALSE,FALSE,A,provisional,hard,FALSE,,,specialized reference,Female literacy rate of Bihar per Census 2011 (51.50%),FALSE,
67th-reexam,2022-09-30,re-exam,B,112,Geography,Physical,simple_mcq,5,,,,FALSE,FALSE,A,provisional,easy,FALSE,,,NCERT-level,Chief heavenly body of solar system (Sun),FALSE,
67th-reexam,2022-09-30,re-exam,B,113,Geography,Physical,simple_mcq,5,,,,FALSE,FALSE,A,provisional,medium,FALSE,,,NCERT-level,Elements abundant in interior layer of earth (Silica and magnesium),FALSE,
67th-reexam,2022-09-30,re-exam,B,114,Geography,Physical,simple_mcq,5,,,,FALSE,FALSE,C,provisional,hard,FALSE,,,specialized reference,Who postulated concept of geographical cycle of erosion (W.M. Davis),FALSE,
67th-reexam,2022-09-30,re-exam,B,115,Geography,World,simple_mcq,5,,,,FALSE,FALSE,C,provisional,medium,FALSE,,,specialized reference,Hemisphere where roaring forties/furious fifties/shrieking sixties blow (Southern),FALSE,
67th-reexam,2022-09-30,re-exam,B,116,Geography,World,simple_mcq,5,,,,FALSE,FALSE,D,provisional,medium,FALSE,,,specialized reference,Sargasso Sea is part of (North Atlantic Ocean),FALSE,
67th-reexam,2022-09-30,re-exam,B,117,Geography,Physical,simple_mcq,5,,,,FALSE,FALSE,B,provisional,easy,FALSE,,,NCERT-level,Boundary line between India and China (McMahon Line),FALSE,
67th-reexam,2022-09-30,re-exam,B,118,Geography,Physical,simple_mcq,5,,,,FALSE,FALSE,A,provisional,medium,FALSE,,,NCERT-level,Rajasthan receives very little rain because (winds don't come across barriers),FALSE,
67th-reexam,2022-09-30,re-exam,B,119,Environment & Ecology,Conservation & Policy,statement_based,5,3,,1 and 3 only,FALSE,FALSE,A,provisional,medium,FALSE,,,current_affairs,Project Tiger / Biodiversity Day statements — which correct,FALSE,
67th-reexam,2022-09-30,re-exam,B,120,Geography,Economic,simple_mcq,5,,,,FALSE,FALSE,C,provisional,medium,FALSE,,,specialized reference,Karewas famous for which cultivation (Saffron),FALSE,
67th-reexam,2022-09-30,re-exam,B,121,Geography,Economic,simple_mcq,5,,,,FALSE,FALSE,B,provisional,medium,FALSE,,,NCERT-level,Leading Indian producer of thorium (Kerala),FALSE,
67th-reexam,2022-09-30,re-exam,B,122,Geography,Economic,simple_mcq,5,,,,FALSE,FALSE,D,provisional,medium,FALSE,,,specialized reference,Newsprint paper industry located at (Nepanagar),FALSE,
67th-reexam,2022-09-30,re-exam,B,123,Geography,Economic,simple_mcq,5,,,,FALSE,FALSE,C,provisional,medium,FALSE,,,NCERT-level,Where was first coal mine in India mined (Raniganj),FALSE,
67th-reexam,2022-09-30,re-exam,B,124,Geography,Human,simple_mcq,5,,,,FALSE,FALSE,D,provisional,medium,FALSE,,,NCERT-level,Largest Scheduled Tribe in India per Census 2011 (Bhil),FALSE,
67th-reexam,2022-09-30,re-exam,B,125,Bihar-Specific,Geography,simple_mcq,5,,,,FALSE,FALSE,D,provisional,medium,FALSE,,,specialized reference,Total geographical area of Bihar State (94163 sq km),FALSE,
67th-reexam,2022-09-30,re-exam,B,126,Polity,Panchayati Raj & local governance,simple_mcq,5,,,,FALSE,FALSE,B,provisional,medium,FALSE,,,NCERT-level,State Govt reviews financial position of Panchayats every 5 yrs via (finance commission),FALSE,
67th-reexam,2022-09-30,re-exam,B,127,Polity,Panchayati Raj & local governance,simple_mcq,5,,,,FALSE,FALSE,E,provisional,medium,FALSE,,,NCERT-level,Objective of community development (Harmonious life),FALSE,
67th-reexam,2022-09-30,re-exam,B,128,Current Affairs,National,simple_mcq,5,,,,FALSE,FALSE,C,provisional,medium,FALSE,,3,current_affairs,Electoral College for 16th VP Election 2022 — number of members (788),FALSE,
67th-reexam,2022-09-30,re-exam,B,129,Polity,Constitutional provisions,simple_mcq,5,,,,FALSE,FALSE,A,provisional,easy,FALSE,,,NCERT-level,Indian President eligible for re-election how many times (Any number),FALSE,
67th-reexam,2022-09-30,re-exam,B,130,Polity,Constitutional provisions,simple_mcq,5,,,,FALSE,FALSE,B,provisional,medium,FALSE,,,NCERT-level,Generally how many sessions in Lok Sabha (3),FALSE,
67th-reexam,2022-09-30,re-exam,B,131,Polity,Constitutional provisions,simple_mcq,5,,,,FALSE,FALSE,A,provisional,hard,FALSE,,,specialized reference,Chairman of First Law Commission in Independent India (M.C. Setalvad),FALSE,
67th-reexam,2022-09-30,re-exam,B,132,Polity,Constitutional provisions,simple_mcq,5,,,,FALSE,FALSE,E,provisional,hard,TRUE,could be Current Affairs,,current_affairs,'One Nation One Election' would require amendment of which Article (Article 83),FALSE,
67th-reexam,2022-09-30,re-exam,B,133,Polity,Panchayati Raj & local governance,simple_mcq,5,,,,FALSE,FALSE,E,provisional,medium,FALSE,,,NCERT-level,Which State does NOT have Panchayat system (Nagaland),FALSE,
67th-reexam,2022-09-30,re-exam,B,134,Polity,Constitutional provisions,simple_mcq,5,,,,FALSE,FALSE,D,provisional,medium,FALSE,,,current_affairs,Lok Sabha delimitation freezed till which year (2026),FALSE,
67th-reexam,2022-09-30,re-exam,B,135,Polity,Constitutional provisions,simple_mcq,5,,,,FALSE,FALSE,E,provisional,medium,FALSE,,,NCERT-level,The Supreme Court is a (federal court),FALSE,
67th-reexam,2022-09-30,re-exam,B,136,Bihar-Specific,Geography,simple_mcq,5,,,,FALSE,FALSE,B,provisional,hard,FALSE,,,specialized reference,Ascending order of Bihar districts by urbanization (Nalanda<Munger<Patna),FALSE,
67th-reexam,2022-09-30,re-exam,B,137,Bihar-Specific,Economy,simple_mcq,5,,,,FALSE,FALSE,D,provisional,hard,FALSE,,,specialized reference,Fiscal deficit expected as % of Bihar GSDP FY2022-23 (9.89%),FALSE,
67th-reexam,2022-09-30,re-exam,B,138,Bihar-Specific,Recent Developments,simple_mcq,5,,,,FALSE,FALSE,D,provisional,medium,FALSE,,,current_affairs,NOT part of 'Saat Nischay Part-2 Scheme' of Bihar (Airways to everyone),FALSE,
67th-reexam,2022-09-30,re-exam,B,139,Bihar-Specific,Economy,simple_mcq,5,,,,FALSE,FALSE,B,provisional,hard,FALSE,,,specialized reference,Descending order of Bihar districts by per capita income,FALSE,
67th-reexam,2022-09-30,re-exam,B,140,Economy,Macroeconomic concepts,simple_mcq,5,,,,FALSE,FALSE,E,provisional,hard,FALSE,,,NCERT-level,Which statement NOT true about poverty estimates 68th round NSSO,FALSE,
67th-reexam,2022-09-30,re-exam,B,141,Economy,Five-year plans & policy,simple_mcq,5,,,,FALSE,FALSE,B,provisional,medium,FALSE,,,current_affairs,Which partly defines micro-enterprise in India (Investment not more than Rs 1 crore),FALSE,
67th-reexam,2022-09-30,re-exam,B,142,Current Affairs,Schemes & Indices,simple_mcq,5,,,,FALSE,FALSE,C,provisional,hard,FALSE,,,current_affairs,Which is INCORRECT regarding Pradhan Mantri Krishi Sinchai Yojana (Construction of well),FALSE,
67th-reexam,2022-09-30,re-exam,B,143,Economy,Banking & finance,simple_mcq,5,,,,FALSE,FALSE,A,provisional,hard,FALSE,,,specialized reference,Bhandari Committee is related to (regional rural banks' restructuring),FALSE,
67th-reexam,2022-09-30,re-exam,B,144,Economy,Banking & finance,simple_mcq,5,,,,FALSE,FALSE,B,provisional,medium,FALSE,,,NCERT-level,Correct statement about National Pension Scheme (regulated by PFRDA),FALSE,
67th-reexam,2022-09-30,re-exam,B,145,Economy,Five-year plans & policy,simple_mcq,5,,,,FALSE,FALSE,A,provisional,medium,FALSE,,,current_affairs,NOT included in priorities of India Budget 2022-23 (Disinvestment),FALSE,
67th-reexam,2022-09-30,re-exam,B,146,Economy,Macroeconomic concepts,simple_mcq,5,,,,FALSE,FALSE,C,provisional,hard,FALSE,,,current_affairs,Tax-GDP ratio in FY2021-22 in India (10.9%),FALSE,
67th-reexam,2022-09-30,re-exam,B,147,Economy,Macroeconomic concepts,simple_mcq,5,,,,FALSE,FALSE,B,provisional,hard,FALSE,,,specialized reference,India's share in World Exports by commodity 2018 (1.7%),FALSE,
67th-reexam,2022-09-30,re-exam,B,148,Economy,Macroeconomic concepts,simple_mcq,5,,,,FALSE,FALSE,B,provisional,hard,FALSE,,,current_affairs,Total wheat production India per 4th advance estimates 2020-21 (109.5 million tonnes),FALSE,
67th-reexam,2022-09-30,re-exam,B,149,Current Affairs,National,simple_mcq,5,,,,FALSE,FALSE,A,provisional,medium,FALSE,,,current_affairs,"Correct statement on the Vibrant Village Programme (border villages, northern border)",FALSE,
67th-reexam,2022-09-30,re-exam,B,150,Bihar-Specific,Economy,simple_mcq,5,,,,FALSE,FALSE,A,provisional,hard,FALSE,,,specialized reference,INCORRECT statement per Economic Survey of Bihar 2021-22 (sector growth rates),FALSE,
68th,2023-02-12,main,A,1,Polity,Constitutional provisions,simple_mcq,5,,,,FALSE,FALSE,A,final,medium,FALSE,,,NCERT-level,'Equality before law' Art 14 borrowed from Constitution of (Britain),FALSE,
68th,2023-02-12,main,A,2,Polity,Constitutional provisions,simple_mcq,5,,,,FALSE,FALSE,C,final,easy,FALSE,,,NCERT-level,Duration of making the Indian Constitution (2yr 11mo 18days),FALSE,
68th,2023-02-12,main,A,3,Polity,Constitutional provisions,simple_mcq,5,,,,FALSE,FALSE,C,final,easy,FALSE,,,NCERT-level,State Council of Ministers collectively responsible to (Legislative Assembly),FALSE,
68th,2023-02-12,main,A,4,Polity,Panchayati Raj & local governance,statement_based,5,4,,"1, 2 and 4 only",FALSE,FALSE,B,final,medium,FALSE,,,NCERT-level,Post-73rd Amendment decentralization — which statements correct,FALSE,
68th,2023-02-12,main,A,5,Polity,Constitutional provisions,simple_mcq,5,,,,TRUE,TRUE,D,final,medium,FALSE,,,NCERT-level,Representation in Rajya Sabha includes (More than one of the above),FALSE,
68th,2023-02-12,main,A,6,Polity,Constitutional provisions,simple_mcq,5,,,,TRUE,TRUE,D,final,medium,FALSE,,,NCERT-level,Concerned with the Supreme Court of India (More than one of the above),FALSE,
68th,2023-02-12,main,A,7,Polity,Panchayati Raj & local governance,simple_mcq,5,,,,FALSE,FALSE,A,final,easy,FALSE,,,NCERT-level,Min age to contest Panchayati Raj elections per 73rd CAA (21 years),FALSE,
68th,2023-02-12,main,A,8,Economy,Banking & finance,simple_mcq,5,,,,TRUE,TRUE,E,final,hard,FALSE,,,specialized reference,District Consumer Disputes Redressal — which statement is NOT correct (None of the above),FALSE,
68th,2023-02-12,main,A,9,Polity,Panchayati Raj & local governance,simple_mcq,5,,,,FALSE,FALSE,C,final,easy,FALSE,,,NCERT-level,At what level does Panchayat Samiti operate (Block-level body),FALSE,
68th,2023-02-12,main,A,10,Economy,Five-year plans & policy,simple_mcq,5,,,,FALSE,FALSE,A,final,medium,FALSE,,,NCERT-level,First programme of community development (National Extension Service),FALSE,
68th,2023-02-12,main,A,11,Economy,Five-year plans & policy,statement_based,5,3,,"1, 2 and 3",TRUE,FALSE,A,final,medium,FALSE,,,current_affairs,Objectives of the SEZ Act 2005,FALSE,
68th,2023-02-12,main,A,12,Economy,Macroeconomic concepts,simple_mcq,5,,,,TRUE,TRUE,D,final,medium,FALSE,,,NCERT-level,Policy measure to improve agricultural marketing (More than one of the above),FALSE,
68th,2023-02-12,main,A,13,Economy,Banking & finance,simple_mcq,5,,,,FALSE,FALSE,B,final,hard,FALSE,,,specialized reference,Committee that suggested Competition Act 2002 (S.V.S. Raghavan Committee),FALSE,
68th,2023-02-12,main,A,14,Economy,Five-year plans & policy,match_the_following,5,,4,,FALSE,FALSE,A,final,hard,FALSE,,,specialized reference,"Match Revolution with produce (Grey, Pink, Silver, Red)",FALSE,
68th,2023-02-12,main,A,15,Economy,Five-year plans & policy,simple_mcq,5,,,,FALSE,FALSE,E,final,medium,FALSE,,,NCERT-level,Five-Year Plan focused on Human Resource Development (Fifth),FALSE,
68th,2023-02-12,main,A,16,Current Affairs,National,simple_mcq,5,,,,FALSE,FALSE,A,final,medium,TRUE,could be Economy,5,current_affairs,State with highest FDI equity flow Apr-Sep 2022 (Gujarat),FALSE,
68th,2023-02-12,main,A,17,Economy,Banking & finance,simple_mcq,5,,,,FALSE,FALSE,B,final,hard,FALSE,,,NCERT-level,Budget that announced Liberalized Exchange Rate Management System (1992-93),FALSE,
68th,2023-02-12,main,A,18,Economy,Five-year plans & policy,statement_based,5,4,,"1, 2 and 4 only",FALSE,FALSE,E,final,medium,FALSE,,,NCERT-level,Goals of the Five-Year Plans,FALSE,
68th,2023-02-12,main,A,19,Economy,Macroeconomic concepts,simple_mcq,5,,,,FALSE,FALSE,A,final,medium,FALSE,,,NCERT-level,Org that surveys for determining poverty line (NSSO),FALSE,
68th,2023-02-12,main,A,20,Current Affairs,National,simple_mcq,5,,,,FALSE,FALSE,C,final,hard,TRUE,could be Economy,2,current_affairs,India's trade balance Dec 2022 provisional (- 11.98 USD bn),FALSE,
68th,2023-02-12,main,A,21,Bihar-Specific,Economy,simple_mcq,5,,,,FALSE,FALSE,A,final,hard,FALSE,,,specialized reference,"Bihar's lowest Female Workforce Participation Rate 2020-22 (7% rural, 9.1% urban)",FALSE,
68th,2023-02-12,main,A,22,Bihar-Specific,Economy,simple_mcq,5,,,,FALSE,FALSE,Deleted,final,medium,FALSE,,,specialized reference,Bihar district with maximum tax industries (Darbhanga),FALSE,
68th,2023-02-12,main,A,23,Bihar-Specific,Economy,simple_mcq,5,,,,FALSE,FALSE,A,final,hard,FALSE,,,specialized reference,NFHS-5: Bihar sex ratio improvement 2015-16 to 2020-22 (1040 to 1070),FALSE,
68th,2023-02-12,main,A,24,Bihar-Specific,Economy,simple_mcq,5,,,,FALSE,FALSE,C,final,hard,FALSE,,,specialized reference,Bihar Economic Survey 2021-22 — GSDP growth rate 2020-21 (2%),FALSE,
68th,2023-02-12,main,A,25,Bihar-Specific,Economy,simple_mcq,5,,,,TRUE,TRUE,D,final,medium,FALSE,,,specialized reference,Which is correct for Bihar economy (More than one of the above),FALSE,
68th,2023-02-12,main,A,26,History,Modern,simple_mcq,5,,,,FALSE,FALSE,B,final,medium,FALSE,,,NCERT-level,Swadeshi and Boycott adopted first during (Partition of Bengal),FALSE,
68th,2023-02-12,main,A,27,History,Modern,simple_mcq,5,,,,TRUE,TRUE,B,final,medium,FALSE,,,specialized reference,Flag of Swaraj unfurled at 1906 Calcutta Session by (More than one of the above),FALSE,
68th,2023-02-12,main,A,28,History,Modern,simple_mcq,5,,,,FALSE,FALSE,B,final,medium,FALSE,,,NCERT-level,Parallel movement in Indian States during freedom struggle (State People's Movement),FALSE,
68th,2023-02-12,main,A,29,History,Modern,simple_mcq,5,,,,FALSE,FALSE,C,final,medium,FALSE,,,NCERT-level,Which statement about freedom struggle NOT correct (Gandhi's first speech at BHU),FALSE,
68th,2023-02-12,main,A,30,History,Modern,simple_mcq,5,,,,FALSE,FALSE,B,final,medium,FALSE,,,specialized reference,Journal brought out by Abul Kalam Azad (Al-Hilal),FALSE,
68th,2023-02-12,main,A,31,History,Modern,simple_mcq,5,,,,TRUE,TRUE,D,final,medium,FALSE,,,NCERT-level,How study of history created nationalism feeling (More than one of the above),FALSE,
68th,2023-02-12,main,A,32,History,Modern,statement_based,5,3,,2 and 3 only,FALSE,FALSE,C,final,medium,FALSE,,,NCERT-level,Non-Cooperation Movement in towns — which NOT correct,FALSE,
68th,2023-02-12,main,A,33,History,Modern,simple_mcq,5,,,,FALSE,FALSE,C,final,hard,TRUE,could be Bihar-Specific,,specialized reference,Peasant leader — sanyasi with Tulsidas Ramayana (Yadunandan Sharma),FALSE,
68th,2023-02-12,main,A,34,History,Modern,simple_mcq,5,,,,FALSE,FALSE,B,final,medium,FALSE,,,NCERT-level,Founder of All India Harijan Sangh 1932 (Mahatma Gandhi),FALSE,
68th,2023-02-12,main,A,35,History,Modern,simple_mcq,5,,,,FALSE,FALSE,C,final,medium,FALSE,,,NCERT-level,Attlee's Feb 20 1947 announcement — British withdrawal latest by (June 1948),FALSE,
68th,2023-02-12,main,A,36,Bihar-Specific,History & Culture,simple_mcq,5,,,,FALSE,FALSE,A,final,hard,FALSE,,,specialized reference,Who established Swaraj Dal in Bihar (Ramlal Shah),FALSE,
68th,2023-02-12,main,A,37,Bihar-Specific,History & Culture,simple_mcq,5,,,,FALSE,FALSE,E,final,medium,FALSE,,,specialized reference,Salt Satyagraha in Bihar — tax opposed alongside salt (Development),FALSE,
68th,2023-02-12,main,A,38,Bihar-Specific,History & Culture,simple_mcq,5,,,,FALSE,FALSE,B,final,medium,FALSE,,,specialized reference,Shri Krishna Singh govt resigned Feb 1938 for (Satyagraha against British at Gandhi's call),FALSE,
68th,2023-02-12,main,A,39,Bihar-Specific,History & Culture,simple_mcq,5,,,,FALSE,FALSE,A,final,medium,FALSE,,,specialized reference,Who saved Gandhiji's life in Bihar during Champaran Satyagraha (Batak Mian),FALSE,
68th,2023-02-12,main,A,40,Bihar-Specific,History & Culture,simple_mcq,5,,,,FALSE,FALSE,A,final,medium,FALSE,,,specialized reference,Who led cultivators in Bihar during Non-Cooperation Movement (Raj Kumar Shukla),FALSE,
68th,2023-02-12,main,A,41,History,Ancient,simple_mcq,5,,,,FALSE,FALSE,E,final,medium,FALSE,,,specialized reference,Area south of Ganga in ancient times known as (Anarta),FALSE,
68th,2023-02-12,main,A,42,History,Ancient,simple_mcq,5,,,,FALSE,FALSE,E,final,medium,FALSE,,,NCERT-level,When did use of iron begin in Indian subcontinent (Around 6000 years ago),FALSE,
68th,2023-02-12,main,A,43,History,Ancient,simple_mcq,5,,,,FALSE,FALSE,B,final,hard,FALSE,,,specialized reference,Sudarshan Lake reservoir repaired by (Rudradaman),FALSE,
68th,2023-02-12,main,A,44,History,Ancient,simple_mcq,5,,,,FALSE,FALSE,A,final,medium,FALSE,,,specialized reference,Deogarh temple + Garhwa sculptures are remains of (Gupta art),FALSE,
68th,2023-02-12,main,A,45,History,Medieval,simple_mcq,5,,,,FALSE,FALSE,B,final,medium,FALSE,,,NCERT-level,Which battle has opponents NOT correctly stated (Second Panipat - Tipu Sultan/Marathas),FALSE,
68th,2023-02-12,main,A,46,History,Medieval,simple_mcq,5,,,,FALSE,FALSE,C,final,medium,FALSE,,,specialized reference,'Muqaddam/Chaudhari' in Delhi Sultanate used for (village headman),FALSE,
68th,2023-02-12,main,A,47,History,Medieval,simple_mcq,5,,,,FALSE,FALSE,A,final,hard,FALSE,,,specialized reference,'Tabaqat-i-Akbari' (more reliable than Akbarnama) written by (Nizamuddin Ahmad),FALSE,
68th,2023-02-12,main,A,48,History,Medieval,simple_mcq,5,,,,FALSE,FALSE,C,final,hard,FALSE,,,specialized reference,Ruler who founded Nagalapuram township after mother's name (Krishnadevaraya),FALSE,
68th,2023-02-12,main,A,49,Bihar-Specific,History & Culture,simple_mcq,5,,,,FALSE,FALSE,C,final,hard,FALSE,,,specialized reference,Patna Women's College 1940 founded by which society (Sisters of Apostolic Carmel),FALSE,
68th,2023-02-12,main,A,50,History,Modern,simple_mcq,5,,,,FALSE,FALSE,C,final,medium,FALSE,,,specialized reference,Who headed the two 1947 India-Pakistan Boundary Commissions (Cyril Radcliffe),FALSE,
68th,2023-02-12,main,A,51,History,Modern,simple_mcq,5,,,,FALSE,FALSE,B,final,medium,FALSE,,,specialized reference,Who introduced Mahalwari Settlement in Bengal (Holt Mackenzie),FALSE,
68th,2023-02-12,main,A,52,Bihar-Specific,History & Culture,simple_mcq,5,,,,FALSE,FALSE,B,final,medium,TRUE,could be plain History/Modern,,specialized reference,"1940 Vinoba Bhave started individual Satyagraha from (Pavnar, Maharashtra)",FALSE,
68th,2023-02-12,main,A,53,History,Modern,simple_mcq,5,,,,FALSE,FALSE,C,final,medium,FALSE,,,specialized reference,Congress Montford Reforms 1918 split — moderates formed (Indian National Liberal Federation),FALSE,
68th,2023-02-12,main,A,54,History,Modern,statement_based,5,3,,2 only,FALSE,FALSE,B,final,medium,FALSE,,,NCERT-level,Cabinet Mission sent to India for,FALSE,
68th,2023-02-12,main,A,55,Bihar-Specific,History & Culture,simple_mcq,5,,,,FALSE,FALSE,A,final,hard,FALSE,,,specialized reference,Who offered Humayun to surrender Bihar for annual tribute (Sher Khan),FALSE,
68th,2023-02-12,main,A,56,Bihar-Specific,History & Culture,simple_mcq,5,,,,FALSE,FALSE,A,final,medium,FALSE,,,specialized reference,Vikramshila University established by (Dharmapala),FALSE,
68th,2023-02-12,main,A,57,Bihar-Specific,Polity & Governance,simple_mcq,5,,,,FALSE,FALSE,A,final,medium,FALSE,,,specialized reference,First Governor of Bihar (Sir James David Sifton),FALSE,
68th,2023-02-12,main,A,58,Bihar-Specific,History & Culture,simple_mcq,5,,,,FALSE,FALSE,C,final,hard,FALSE,,,specialized reference,"Author of 'Mahatma Gandhi and Bihar, Some Reminiscences' (Dr. Rajendra Prasad)",FALSE,
68th,2023-02-12,main,A,59,Bihar-Specific,History & Culture,simple_mcq,5,,,,FALSE,FALSE,C,final,medium,FALSE,,,specialized reference,Oldest church in Bihar (Padri Ki Haveli),FALSE,
68th,2023-02-12,main,A,60,Bihar-Specific,History & Culture,simple_mcq,5,,,,FALSE,FALSE,B,final,medium,FALSE,,,specialized reference,Kumudlal Ganguly (Ashok Kumar) born in which Bihar city (Bhagalpur),FALSE,
68th,2023-02-12,main,A,61,Current Affairs,Schemes & Indices,simple_mcq,5,,,,FALSE,FALSE,B,final,medium,FALSE,,3,current_affairs,Union Ministry that launched YUVA 2.0 Scheme 2022 (Education),FALSE,
68th,2023-02-12,main,A,62,Current Affairs,National,simple_mcq,5,,,,FALSE,FALSE,C,final,medium,FALSE,,3,current_affairs,MHA Mother Tongue Survey Nov 2022 — number of languages (576),FALSE,
68th,2023-02-12,main,A,63,Current Affairs,National,simple_mcq,5,,,,FALSE,FALSE,B,final,medium,TRUE,could be Economy,1,current_affairs,Committee that submitted report on gas pricing (Kirit Parikh Committee),FALSE,
68th,2023-02-12,main,A,64,Current Affairs,National,simple_mcq,5,,,,FALSE,FALSE,E,final,medium,FALSE,,2,current_affairs,"City NOT conferred 5-star garbage-free rank, Swachh Survekshan 2022 (Bhopal)",FALSE,
68th,2023-02-12,main,A,65,Current Affairs,National,simple_mcq,5,,,,FALSE,FALSE,B,final,medium,FALSE,,1,current_affairs,PM inaugurated first greenfield 'Donyi Polo Airport' at (Itanagar),FALSE,
68th,2023-02-12,main,A,66,Current Affairs,National,simple_mcq,5,,,,FALSE,FALSE,A,final,medium,FALSE,,3,current_affairs,Animal approved as food animal by FSSAI Nov 2022 (Himalayan yak),FALSE,
68th,2023-02-12,main,A,67,Current Affairs,National,simple_mcq,5,,,,FALSE,FALSE,A,final,medium,FALSE,,,current_affairs,India's first floating financial literacy camp by IPPB in (Andaman Islands),FALSE,
68th,2023-02-12,main,A,68,Current Affairs,National,simple_mcq,5,,,,FALSE,FALSE,C,final,medium,FALSE,,,current_affairs,President inaugurated 'PARAM KAMRUPA' Supercomputer at which IIT (Guwahati),FALSE,
68th,2023-02-12,main,A,69,Current Affairs,National,simple_mcq,5,,,,FALSE,FALSE,C,final,easy,FALSE,,4,current_affairs,"90th IAF Day air display 8 Oct 2022 held over (Dal Lake, J&K)",FALSE,
68th,2023-02-12,main,A,70,Current Affairs,Schemes & Indices,simple_mcq,5,,,,FALSE,FALSE,B,final,easy,FALSE,,,current_affairs,Month celebrated as Rashtriya Poshan Maah (September),FALSE,
68th,2023-02-12,main,A,71,Current Affairs,International,simple_mcq,5,,,,FALSE,FALSE,C,final,medium,FALSE,,4,current_affairs,Final module of China's Tiangong Space Station recently launched (Mengtian),FALSE,
68th,2023-02-12,main,A,72,Environment & Ecology,Climate & Pollution,simple_mcq,5,,,,FALSE,FALSE,B,final,medium,FALSE,,3,current_affairs,World's largest volcano erupted first time in 38 years (Mauna Loa),FALSE,
68th,2023-02-12,main,A,73,Current Affairs,Awards & Appointments,simple_mcq,5,,,,FALSE,FALSE,C,final,easy,FALSE,,4,current_affairs,2022 Booker Prize winner for 'The Seven Moons of Maali Almeida' (Shehan Karunatilaka),FALSE,
68th,2023-02-12,main,A,74,Current Affairs,International,simple_mcq,5,,,,FALSE,FALSE,C,final,medium,FALSE,,4,current_affairs,Theme of World Space Week 2022 (Space and Sustainability),FALSE,
68th,2023-02-12,main,A,75,Science & Technology,Physics,simple_mcq,5,,,,FALSE,FALSE,A,final,medium,FALSE,,2,current_affairs,Lab that claimed nuclear fusion breakthrough Dec 2022 (Lawrence Livermore),FALSE,
68th,2023-02-12,main,A,76,Current Affairs,International,simple_mcq,5,,,,FALSE,FALSE,A,final,medium,FALSE,,3,current_affairs,Collins Dictionary word of the year 2022 (Permacrisis),FALSE,
68th,2023-02-12,main,A,77,Current Affairs,International,simple_mcq,5,,,,FALSE,FALSE,C,final,medium,FALSE,,3,current_affairs,Country with Senegal launched Intl Drought Resilience Alliance COP27 (Germany),FALSE,
68th,2023-02-12,main,A,78,Current Affairs,International,simple_mcq,5,,,,FALSE,FALSE,B,final,medium,FALSE,,,current_affairs,Embassy that first applied for GI Tag for 'Nihonshu' in India (Japan),FALSE,
68th,2023-02-12,main,A,79,Science & Technology,Tech & Innovation,simple_mcq,5,,,,FALSE,FALSE,C,final,medium,FALSE,,,current_affairs,Space agency that used steam to propel EQUULEUS spacecraft (JAXA),FALSE,
68th,2023-02-12,main,A,80,Current Affairs,Sports,simple_mcq,5,,,,FALSE,FALSE,A,final,medium,FALSE,,4,current_affairs,Tesla humanoid robot launched Oct 2022 (Optimus),FALSE,
68th,2023-02-12,main,A,81,Bihar-Specific,Recent Developments,simple_mcq,5,,,,FALSE,FALSE,C,final,hard,FALSE,,,current_affairs,"First floating solar power plant built at which place in Bihar (Kadirabad, Darbhanga)",FALSE,
68th,2023-02-12,main,A,82,Bihar-Specific,Economy,simple_mcq,5,,,,FALSE,FALSE,A,final,hard,FALSE,,,specialized reference,Economic Survey 2019-20 — Bihar district with lowest per capita income (Sheohar),FALSE,
68th,2023-02-12,main,A,83,Bihar-Specific,Economy,simple_mcq,5,,,,FALSE,FALSE,C,final,hard,FALSE,,,specialized reference,NITI Aayog SDG Report 2020-21 — Bihar's score (52 out of 100),FALSE,
68th,2023-02-12,main,A,84,Current Affairs,Sports,simple_mcq,5,,,,FALSE,FALSE,B,final,medium,FALSE,,3,current_affairs,Sport included in Khelo India Women's Tournament for first time (Track Cycling),FALSE,
68th,2023-02-12,main,A,85,Bihar-Specific,Recent Developments,simple_mcq,5,,,,TRUE,TRUE,C,final,medium,FALSE,,,current_affairs,GI Tag awarded August 2022 (More than one of the above),FALSE,
68th,2023-02-12,main,A,86,Bihar-Specific,Recent Developments,simple_mcq,5,,,,FALSE,FALSE,E,final,medium,FALSE,,,current_affairs,Added to UNESCO World Heritage List 2022 (Archaeological Site of Nalanda Mahavihara),FALSE,
68th,2023-02-12,main,A,87,Bihar-Specific,Economy,simple_mcq,5,,,,FALSE,FALSE,E,final,hard,FALSE,,,current_affairs,Bihar 2020 rank in Ease of Doing Business BRAP (24th),FALSE,
68th,2023-02-12,main,A,88,Bihar-Specific,Recent Developments,simple_mcq,5,,,,FALSE,FALSE,C,final,medium,FALSE,,3,current_affairs,Ganga Jal Aapurti Yojana inaugurated by CM Nov 28 2022 at (Rajgir),FALSE,
68th,2023-02-12,main,A,89,Current Affairs,Sports,simple_mcq,5,,,,FALSE,FALSE,B,final,medium,FALSE,,4,current_affairs,Board declared equal pay for men/women players Oct 2022 (BCCI),FALSE,
68th,2023-02-12,main,A,90,Bihar-Specific,Economy,simple_mcq,5,,,,FALSE,FALSE,A,final,medium,FALSE,,,specialized reference,"Bihar urbanization level 2011 census to present (11.3, 15.3)",FALSE,
68th,2023-02-12,main,A,91,Geography,Physical,simple_mcq,5,,,,FALSE,FALSE,D,final,medium,FALSE,,,NCERT-level,Indus River joined at Attock by which river from Afghanistan (Kabul River),FALSE,
68th,2023-02-12,main,A,92,Environment & Ecology,Conservation & Policy,simple_mcq,5,,,,FALSE,FALSE,D,final,easy,FALSE,,,NCERT-level,Well-publicised wildlife campaign launched 1973 (Project Tiger),FALSE,
68th,2023-02-12,main,A,93,Geography,Physical,simple_mcq,5,,,,FALSE,FALSE,C,final,medium,FALSE,,,NCERT-level,Which statement true about troposphere (avg height 13 km),FALSE,
68th,2023-02-12,main,A,94,Geography,Physical,simple_mcq,5,,,,FALSE,FALSE,E,final,medium,FALSE,,,NCERT-level,Southern continent broken from Pangaea (Gondwanaland),FALSE,
68th,2023-02-12,main,A,95,Geography,Physical,simple_mcq,5,,,,FALSE,FALSE,B,final,easy,FALSE,,,NCERT-level,Arctic and Antarctica situated near (North and South Poles),FALSE,
68th,2023-02-12,main,A,96,Geography,Physical,simple_mcq,5,,,,FALSE,FALSE,C,final,medium,FALSE,,,NCERT-level,"States with common border with Myanmar (Arunachal, Nagaland, Manipur, Mizoram)",FALSE,
68th,2023-02-12,main,A,97,Environment & Ecology,Biodiversity,simple_mcq,5,,,,FALSE,FALSE,A,final,medium,FALSE,,,specialized reference,World's richest marine biodiversity region — 21 islands (Gulf of Mannar),FALSE,
68th,2023-02-12,main,A,98,Geography,Physical,simple_mcq,5,,,,FALSE,FALSE,B,final,hard,TRUE,Bihar-linked,,specialized reference,UP and Bihar's Koppen climatic classification (Aw),FALSE,
68th,2023-02-12,main,A,99,Geography,Physical,simple_mcq,5,,,,FALSE,FALSE,B,final,medium,FALSE,,,NCERT-level,India's territorial limit into sea (12 nautical miles),FALSE,
68th,2023-02-12,main,A,100,Geography,Economic,simple_mcq,5,,,,FALSE,FALSE,A,final,easy,FALSE,,,NCERT-level,River valley rich in coal reserves (Damodar River Valley),FALSE,
68th,2023-02-12,main,A,101,Geography,Economic,simple_mcq,5,,,,FALSE,FALSE,D,final,medium,FALSE,,,NCERT-level,Which statement true about sugar industry in India (UP 2nd largest producer),FALSE,
68th,2023-02-12,main,A,102,Geography,Physical,simple_mcq,5,,,,FALSE,FALSE,C,final,medium,FALSE,,,NCERT-level,Pre-monsoon showers in Kerala/coastal Karnataka known as (Mango showers),FALSE,
68th,2023-02-12,main,A,103,Geography,Physical,simple_mcq,5,,,,FALSE,FALSE,C,final,medium,FALSE,,,NCERT-level,Atmosphere mainly heated by (long-wave terrestrial radiation),FALSE,
68th,2023-02-12,main,A,104,Bihar-Specific,Geography,simple_mcq,5,,,,FALSE,FALSE,A,final,medium,FALSE,,,specialized reference,State bordering max districts in Bihar (Uttar Pradesh),FALSE,
68th,2023-02-12,main,A,105,Bihar-Specific,Geography,simple_mcq,5,,,,FALSE,FALSE,E,final,hard,FALSE,,,specialized reference,Last railway station of Bihar towards Mirza Cheuki (Kahalgaon),FALSE,
68th,2023-02-12,main,A,106,Bihar-Specific,Geography,statement_based,5,3,,1 and 2 only,FALSE,FALSE,C,final,hard,FALSE,,,specialized reference,Mineral production in Bihar — which statements correct,FALSE,
68th,2023-02-12,main,A,107,Bihar-Specific,Geography,simple_mcq,5,,,,FALSE,FALSE,B,final,hard,FALSE,,,specialized reference,Phalgu river formed by confluence of (Lilajan and Mohana rivers),FALSE,
68th,2023-02-12,main,A,108,Bihar-Specific,History & Culture,simple_mcq,5,,,,FALSE,FALSE,C,final,hard,FALSE,,,specialized reference,First tea gardens established in Bihar at (Thakurganj),FALSE,
68th,2023-02-12,main,A,109,Bihar-Specific,Geography,simple_mcq,5,,,,FALSE,FALSE,D,final,hard,FALSE,,,specialized reference,Ascending decadal population growth 2001-2011 order (Kishanganj<Madhepura<Siwan),FALSE,
68th,2023-02-12,main,A,110,Bihar-Specific,Economy,simple_mcq,5,,,,FALSE,FALSE,A,final,medium,FALSE,,,specialized reference,Dominant food industry among agro-based industries in Bihar (Cereal-based),FALSE,
68th,2023-02-12,main,A,111,Science & Technology,Physics,simple_mcq,5,,,,FALSE,FALSE,C,final,medium,FALSE,,,NCERT-level,Convex lens image of white horse with black paint strips (horse of black stripes),FALSE,
68th,2023-02-12,main,A,112,Science & Technology,Physics,simple_mcq,5,,,,FALSE,FALSE,B,final,medium,FALSE,,,NCERT-level,Shrillness of sound determined by (wavelength/frequency of sound),FALSE,
68th,2023-02-12,main,A,113,Science & Technology,Physics,simple_mcq,5,,,,FALSE,FALSE,C,final,medium,FALSE,,,NCERT-level,Photoelectric device most suitable for digital applications (Photodiode),FALSE,
68th,2023-02-12,main,A,114,Science & Technology,Physics,simple_mcq,5,,,,FALSE,FALSE,C,final,medium,FALSE,,,NCERT-level,Ball bearings convert static friction into (rolling friction),FALSE,
68th,2023-02-12,main,A,115,Science & Technology,Physics,simple_mcq,5,,,,FALSE,FALSE,C,final,medium,FALSE,,,NCERT-level,Goalkeeper pulling hands back enables (decrease rate of change of momentum),FALSE,
68th,2023-02-12,main,A,116,Science & Technology,Physics,simple_mcq,5,,,,FALSE,FALSE,B,final,easy,FALSE,,,NCERT-level,Positively charged particle emitted by radioactive element (Alpha ray),FALSE,
68th,2023-02-12,main,A,117,Science & Technology,Physics,simple_mcq,5,,,,FALSE,FALSE,A,final,easy,FALSE,,,NCERT-level,Centripetal force is responsible to (keep body moving along circular path),FALSE,
68th,2023-02-12,main,A,118,Science & Technology,Physics,simple_mcq,5,,,,FALSE,FALSE,C,final,medium,FALSE,,,NCERT-level,Energy change involving frictional force (Kinetic to heat energy),FALSE,
68th,2023-02-12,main,A,119,Science & Technology,Physics,simple_mcq,5,,,,FALSE,FALSE,B,final,medium,FALSE,,,NCERT-level,Bus sharp right turn — passengers will (bent towards right side),FALSE,
68th,2023-02-12,main,A,120,Science & Technology,Physics,simple_mcq,5,,,,FALSE,FALSE,C,final,medium,FALSE,,,NCERT-level,Sitarist adjusting string tension before orchestra adjusts (frequency matching),FALSE,
68th,2023-02-12,main,A,121,Science & Technology,Chemistry,simple_mcq,5,,,,FALSE,FALSE,B,final,medium,FALSE,,,NCERT-level,Matter with no fixed shape but fixed volume (kerosene),FALSE,
68th,2023-02-12,main,A,122,Science & Technology,Chemistry,simple_mcq,5,,,,FALSE,FALSE,A,final,medium,FALSE,,,NCERT-level,Examples of amphoteric oxides (Al2O3 and ZnO),FALSE,
68th,2023-02-12,main,A,123,Environment & Ecology,Climate & Pollution,simple_mcq,5,,,,TRUE,TRUE,A,final,easy,FALSE,,,NCERT-level,Gas that contributes to global warming via greenhouse effect (More than one),FALSE,
68th,2023-02-12,main,A,124,Science & Technology,Chemistry,simple_mcq,5,,,,FALSE,FALSE,A,final,easy,FALSE,,,NCERT-level,Acids react with metal carbonates to liberate ___ gas (CO2),FALSE,
68th,2023-02-12,main,A,125,Science & Technology,Chemistry,simple_mcq,5,,,,FALSE,FALSE,B,final,medium,FALSE,,,NCERT-level,Acid described as HOOCCOOH (Oxalic acid),FALSE,
68th,2023-02-12,main,A,126,Science & Technology,Chemistry,simple_mcq,5,,,,FALSE,FALSE,B,final,easy,FALSE,,,NCERT-level,Turns red litmus to blue (Base),FALSE,
68th,2023-02-12,main,A,127,Science & Technology,Chemistry,simple_mcq,5,,,,FALSE,FALSE,B,final,easy,FALSE,,,NCERT-level,Odour of acetic acid resembles (vinegar),FALSE,
68th,2023-02-12,main,A,128,Science & Technology,Chemistry,simple_mcq,5,,,,FALSE,FALSE,C,final,hard,FALSE,,,NCERT-level,Why dry HCl gas doesn't change dry litmus colour (no H3O+ ions present),FALSE,
68th,2023-02-12,main,A,129,Science & Technology,Chemistry,simple_mcq,5,,,,FALSE,FALSE,A,final,medium,FALSE,,,NCERT-level,Detect the odd one (Ripening of fruit),FALSE,
68th,2023-02-12,main,A,130,Science & Technology,Chemistry,simple_mcq,5,,,,TRUE,TRUE,E,final,medium,FALSE,,,NCERT-level,Which statement about diamond/graphite true (More than one of the above),FALSE,
68th,2023-02-12,main,A,131,Science & Technology,Biology,simple_mcq,5,,,,FALSE,FALSE,B,final,medium,FALSE,,,NCERT-level,Stomata open/close due to change in (amount of water in cells),FALSE,
68th,2023-02-12,main,A,132,Science & Technology,Biology,simple_mcq,5,,,,FALSE,FALSE,C,final,medium,FALSE,,,NCERT-level,Chlorophyll absorbs ___ wavelengths of sunlight (red and blue),FALSE,
68th,2023-02-12,main,A,133,Science & Technology,Biology,simple_mcq,5,,,,FALSE,FALSE,A,final,medium,FALSE,,,NCERT-level,Which is NOT a correct match (plant stem types),FALSE,
68th,2023-02-12,main,A,134,Science & Technology,Biology,simple_mcq,5,,,,FALSE,FALSE,A,final,medium,FALSE,,,NCERT-level,Water reaches great heights in trees due to suction pull caused by (transpiration),FALSE,
68th,2023-02-12,main,A,135,Science & Technology,Biology,simple_mcq,5,,,,FALSE,FALSE,B,final,hard,FALSE,,,NCERT-level,Chloroplast character enabling self-replication (Presence of both DNA and RNA),FALSE,
68th,2023-02-12,main,A,136,Science & Technology,Biology,simple_mcq,5,,,,FALSE,FALSE,B,final,easy,FALSE,,,NCERT-level,"Skeleton parts not as hard as bones, can bend (cartilage)",FALSE,
68th,2023-02-12,main,A,137,Science & Technology,Biology,simple_mcq,5,,,,FALSE,FALSE,B,final,medium,FALSE,,,NCERT-level,"In lichen, chlorophyll-containing partner ___ live together (alga and a fungus)",FALSE,
68th,2023-02-12,main,A,138,Science & Technology,Biology,simple_mcq,5,,,,FALSE,FALSE,A,final,medium,FALSE,,,NCERT-level,Female Anopheles distinguished from Culex by sitting (at angle with substratum),FALSE,
68th,2023-02-12,main,A,139,Science & Technology,Biology,simple_mcq,5,,,,FALSE,FALSE,B,final,medium,FALSE,,,NCERT-level,Cell type most important for body immunity (lymphocytes),FALSE,
68th,2023-02-12,main,A,140,Science & Technology,Biology,simple_mcq,5,,,,FALSE,FALSE,C,final,medium,FALSE,,,NCERT-level,Which statement INCORRECT about muscles (can only push the bone),FALSE,
68th,2023-02-12,main,A,141,Reasoning & Aptitude,Logical/Verbal,reasoning_aptitude,5,,,,FALSE,FALSE,C,final,hard,FALSE,,,specialized reference,Code language: FASTER/MONK -> GUIDE,FALSE,
68th,2023-02-12,main,A,142,Reasoning & Aptitude,Quantitative/Numerical,reasoning_aptitude,5,,,,FALSE,FALSE,C,final,medium,FALSE,,,specialized reference,"Rectangle area 30cm2 perimeter 26cm — sides (10, 3)",FALSE,
68th,2023-02-12,main,A,143,Reasoning & Aptitude,Quantitative/Numerical,reasoning_aptitude,5,,,,FALSE,FALSE,B,final,medium,FALSE,,,specialized reference,10% discount + 10% GST on Rs 400 item — final price (Rs 396),FALSE,
68th,2023-02-12,main,A,144,Reasoning & Aptitude,Logical/Verbal,reasoning_aptitude,5,,,,FALSE,FALSE,B,final,medium,FALSE,,,specialized reference,"Arrange words in logical order (VP, President, Speaker, PM, MPs)",FALSE,
68th,2023-02-12,main,A,145,Reasoning & Aptitude,Quantitative/Numerical,reasoning_aptitude,5,,,,FALSE,FALSE,A,final,medium,FALSE,,,specialized reference,"Reshma donates 1/4 property, divides rest among 3 children — each gets (one-fourth)",FALSE,
68th,2023-02-12,main,A,146,Reasoning & Aptitude,Logical/Verbal,reasoning_aptitude,5,,,,FALSE,FALSE,C,final,easy,FALSE,,,NCERT-level,Which statement is false (geometry: square/rhombus/rectangle),FALSE,
68th,2023-02-12,main,A,147,Reasoning & Aptitude,Logical/Verbal,reasoning_aptitude,5,,,,FALSE,FALSE,B,final,hard,FALSE,,,specialized reference,Family relation puzzle: how is K related to S (Sister-in-law),FALSE,
68th,2023-02-12,main,A,148,Reasoning & Aptitude,Quantitative/Numerical,reasoning_aptitude,5,,,,FALSE,FALSE,B,final,medium,FALSE,,,specialized reference,How many words (meaningless) from letters of 'DIARY' (10),FALSE,
68th,2023-02-12,main,A,149,Reasoning & Aptitude,Quantitative/Numerical,reasoning_aptitude,5,,,,FALSE,FALSE,C,final,medium,FALSE,,,specialized reference,"Missing number in 3x3 matrix (44,49,37/52,?,41/58,35,53)",FALSE,
68th,2023-02-12,main,A,150,Reasoning & Aptitude,Quantitative/Numerical,reasoning_aptitude,5,,,,TRUE,TRUE,A,final,medium,FALSE,,,specialized reference,"Missing number in series 15,20,32,62,118,248,? (More than one of the above)",FALSE,
69th,2023-09-30,main,A,1,Science & Technology,Tech & Innovation,statement_based,4,3,,"1, 2 and 3",TRUE,FALSE,D,provisional,medium,FALSE,,,current_affairs,"Which technologies enabled by 5G (IoT, Edge Computing, Network Slicing)",FALSE,
69th,2023-09-30,main,A,2,Science & Technology,Tech & Innovation,match_the_following,4,,4,,FALSE,FALSE,A,provisional,hard,FALSE,,,current_affairs,"Match space missions with exploration (Cassini-Huygens, Juno, Artemis, VERITAS)",FALSE,
69th,2023-09-30,main,A,3,Geography,Economic,match_the_following,4,,4,,FALSE,FALSE,C,provisional,medium,TRUE,natural fibres — could be General Science/GK,,specialized reference,"Match cloth with origin (Linen, Coir, Mohair, Down)",FALSE,
69th,2023-09-30,main,A,4,Science & Technology,Biology,statement_based,4,2,,Both 1 and 2,FALSE,FALSE,C,provisional,medium,FALSE,,,specialized reference,Taeniasis / neurocysticercosis — statements correct,FALSE,
69th,2023-09-30,main,A,5,Science & Technology,Tech & Innovation,statement_based,4,4,,All of the above,TRUE,TRUE,D,provisional,medium,FALSE,,,specialized reference,"Which are computer languages (Cobra, Python, Squirrel, Java)",FALSE,
69th,2023-09-30,main,A,6,Science & Technology,Tech & Innovation,simple_mcq,4,,,,FALSE,FALSE,D,provisional,easy,FALSE,,8,current_affairs,Full form of GPT in ChatGPT,FALSE,
69th,2023-09-30,main,A,7,Science & Technology,Biology,statement_based,4,7,,4 and 7,FALSE,FALSE,C,provisional,medium,FALSE,,,NCERT-level,Which are NOT tastes of the tongue (7 items),FALSE,
69th,2023-09-30,main,A,8,Science & Technology,Biology,statement_based,4,4,,Only 3 and 4,FALSE,FALSE,C,provisional,medium,FALSE,,,specialized reference,"Correctly matched pairs (Anorexia, Insomnia, Dyspnoea, Anosmia)",FALSE,
69th,2023-09-30,main,A,9,Science & Technology,Physics,simple_mcq,4,,,,FALSE,FALSE,B,provisional,medium,FALSE,,,NCERT-level,What are pulsars,FALSE,
69th,2023-09-30,main,A,10,Science & Technology,Tech & Innovation,simple_mcq,4,,,,FALSE,FALSE,C,provisional,hard,FALSE,,,current_affairs,Lab-grown diamonds — diamond seed used,FALSE,
69th,2023-09-30,main,A,11,Science & Technology,Tech & Innovation,simple_mcq,4,,,,FALSE,FALSE,D,provisional,easy,FALSE,,,NCERT-level,Fibre used to make bulletproof jackets (Kevlar),FALSE,
69th,2023-09-30,main,A,12,Science & Technology,Chemistry,statement_based,4,4,,Only 1,FALSE,FALSE,C,provisional,hard,FALSE,,,specialized reference,Full form(s) of HMX,FALSE,
69th,2023-09-30,main,A,13,Science & Technology,Tech & Innovation,simple_mcq,4,,,,FALSE,FALSE,D,provisional,medium,FALSE,,11,current_affairs,Tesla humanoid robot launched Oct 2022 (Optimus),FALSE,
69th,2023-09-30,main,A,14,Science & Technology,Tech & Innovation,simple_mcq,4,,,,FALSE,FALSE,A,provisional,medium,TRUE,WWII history — could be History/Modern,,specialized reference,What is the Manhattan Project,FALSE,
69th,2023-09-30,main,A,15,Science & Technology,Physics,simple_mcq,4,,,,FALSE,FALSE,B,provisional,medium,FALSE,,,NCERT-level,Concave mirror image real/inverted/same-size — object position,FALSE,
69th,2023-09-30,main,A,16,Science & Technology,Physics,simple_mcq,4,,,,FALSE,FALSE,A,provisional,easy,FALSE,,,NCERT-level,A photoelectric cell converts,FALSE,
69th,2023-09-30,main,A,17,Science & Technology,Chemistry,simple_mcq,4,,,,FALSE,FALSE,D,provisional,medium,FALSE,,,NCERT-level,Solute per unit volume/mass = ___ (concentration),FALSE,
69th,2023-09-30,main,A,18,Science & Technology,Biology,simple_mcq,4,,,,FALSE,FALSE,A,provisional,medium,FALSE,,,current_affairs,How do COVID vaccines stimulate an immune response,FALSE,
69th,2023-09-30,main,A,19,Science & Technology,Chemistry,simple_mcq,4,,,,TRUE,TRUE,D,provisional,medium,FALSE,,,NCERT-level,Which liquid is a bad conductor of electricity (None of the above),FALSE,
69th,2023-09-30,main,A,20,Science & Technology,Biology,simple_mcq,4,,,,FALSE,FALSE,A,provisional,easy,FALSE,,,NCERT-level,DNA double helix discovered by (Watson & Crick),FALSE,
69th,2023-09-30,main,A,21,Science & Technology,Physics,simple_mcq,4,,,,FALSE,FALSE,C,provisional,medium,FALSE,,,NCERT-level,Two masses free-falling near Moon's surface,FALSE,
69th,2023-09-30,main,A,22,Science & Technology,Biology,simple_mcq,4,,,,FALSE,FALSE,C,provisional,medium,FALSE,,,specialized reference,How do vector vaccines work,FALSE,
69th,2023-09-30,main,A,23,Geography,Physical,simple_mcq,4,,,,FALSE,FALSE,C,provisional,medium,FALSE,,,NCERT-level,Process that continually adds new crust (seafloor spreading),FALSE,
69th,2023-09-30,main,A,24,Geography,Physical,simple_mcq,4,,,,FALSE,FALSE,C,provisional,easy,FALSE,,,NCERT-level,Theory: crust pieces in constant slow motion (plate tectonics),FALSE,
69th,2023-09-30,main,A,25,Science & Technology,Biology,simple_mcq,4,,,,FALSE,FALSE,A,provisional,easy,FALSE,,,current_affairs,Expanded form of mRNA,FALSE,
69th,2023-09-30,main,A,26,Science & Technology,Physics,simple_mcq,4,,,,FALSE,FALSE,B,provisional,easy,FALSE,,,NCERT-level,AC current can be produced by (dynamo),FALSE,
69th,2023-09-30,main,A,27,Science & Technology,Physics,simple_mcq,4,,,,FALSE,FALSE,B,provisional,medium,FALSE,,,NCERT-level,Current density is scalar/vector,FALSE,
69th,2023-09-30,main,A,28,Science & Technology,Chemistry,simple_mcq,4,,,,FALSE,FALSE,B,provisional,hard,FALSE,,,specialized reference,Basis of classification of medications,FALSE,
69th,2023-09-30,main,A,29,Science & Technology,Chemistry,simple_mcq,4,,,,TRUE,TRUE,D,provisional,medium,FALSE,,,NCERT-level,Which slows the reaction rate (None of the above),FALSE,
69th,2023-09-30,main,A,30,Science & Technology,Biology,simple_mcq,4,,,,FALSE,FALSE,B,provisional,medium,FALSE,,,NCERT-level,Input and output nerves meet at (CNS),FALSE,
69th,2023-09-30,main,A,31,Current Affairs,National,simple_mcq,4,,,,FALSE,FALSE,A,provisional,medium,TRUE,location — could be Geography,,current_affairs,Shipwreck Tourism — Sunchi Reef/Amee Shoals/Grande Island location (Goa),FALSE,
69th,2023-09-30,main,A,32,Current Affairs,International,statement_based,4,3,,Only 1 and 3,FALSE,FALSE,B,provisional,medium,TRUE,could be Economy,1,current_affairs,G20 members represent — which statistics correct,FALSE,
69th,2023-09-30,main,A,33,Current Affairs,International,simple_mcq,4,,,,FALSE,FALSE,Deleted,provisional,medium,FALSE,,2,current_affairs,Head of Russia's Wagner Mercenary Group,FALSE,
69th,2023-09-30,main,A,34,Current Affairs,Schemes & Indices,simple_mcq,4,,,,FALSE,FALSE,C,provisional,medium,FALSE,,,current_affairs,Global Gender Gap Report released by (WEF),FALSE,
69th,2023-09-30,main,A,35,Current Affairs,International,simple_mcq,4,,,,FALSE,FALSE,A,provisional,medium,FALSE,,12,current_affairs,Queen Elizabeth II — correct statement,FALSE,
69th,2023-09-30,main,A,36,Current Affairs,National,simple_mcq,4,,,,FALSE,FALSE,B,provisional,medium,FALSE,,11,current_affairs,Theme of DefExpo-2022 (Path to Pride),FALSE,
69th,2023-09-30,main,A,37,Current Affairs,International,simple_mcq,4,,,,FALSE,FALSE,D,provisional,medium,TRUE,static GK/culture — could be Geography/World,,specialized reference,Thadingyut Festival celebrated in which country (Myanmar),FALSE,
69th,2023-09-30,main,A,38,Current Affairs,International,statement_based,4,4,,"2, 3 and 4",FALSE,FALSE,D,provisional,medium,TRUE,static GK,,specialized reference,White House statements — which correct,FALSE,
69th,2023-09-30,main,A,39,Environment & Ecology,Conservation & Policy,simple_mcq,4,,,,FALSE,FALSE,C,provisional,medium,TRUE,could be Economy/S&T,,current_affairs,'Net Metering' seen in news in context of (solar billing),FALSE,
69th,2023-09-30,main,A,40,Science & Technology,Physics,match_the_following,4,,4,,FALSE,FALSE,A,provisional,medium,FALSE,,,NCERT-level,"Match colour with combination (Magenta, Teal, Mauve, Cyan)",FALSE,
69th,2023-09-30,main,A,41,Current Affairs,International,simple_mcq,4,,,,FALSE,FALSE,D,provisional,medium,FALSE,,3,current_affairs,Deep-sea submersible imploded near Titanic (Titan),FALSE,
69th,2023-09-30,main,A,42,Current Affairs,National,match_the_following,4,,5,,FALSE,FALSE,B,provisional,hard,TRUE,static general-knowledge (fashion) — no clean subject fit,,specialized reference,"Match footwear/fashion accessory with description (Beret, Stilettos, Aviators, Chignon, Brogue)",FALSE,
69th,2023-09-30,main,A,43,Current Affairs,International,simple_mcq,4,,,,FALSE,FALSE,C,provisional,hard,FALSE,,,current_affairs,Where former US President gave interview recently (Athens),FALSE,
69th,2023-09-30,main,A,44,Current Affairs,Sports,statement_based,4,4,,2 and 4,FALSE,FALSE,D,provisional,medium,FALSE,,,specialized reference,"Sports pairs correctly matched (Flushing Meadows, Venus Rosewater Dish, Roland Garros, Australian Open)",FALSE,
69th,2023-09-30,main,A,45,Current Affairs,Schemes & Indices,simple_mcq,4,,,,FALSE,FALSE,C,provisional,hard,FALSE,,10,current_affairs,MHA Mother Tongue Survey (MTSI) Nov 2022 — number of languages (576),FALSE,
69th,2023-09-30,main,A,46,Environment & Ecology,Conservation & Policy,simple_mcq,4,,,,FALSE,FALSE,A,provisional,medium,TRUE,could be Current Affairs,,current_affairs,State that launched SLCVC vulture-conservation committee (Tamil Nadu),FALSE,
69th,2023-09-30,main,A,47,Environment & Ecology,Biodiversity,simple_mcq,4,,,,FALSE,FALSE,A,provisional,hard,FALSE,,,current_affairs,Asian Giant Tortoises released into which National Park (Ntangki),FALSE,
69th,2023-09-30,main,A,48,Current Affairs,International,simple_mcq,4,,,,FALSE,FALSE,A,provisional,medium,FALSE,,,current_affairs,Country that reaffirmed Arunachal as part of India (USA),FALSE,
69th,2023-09-30,main,A,49,Current Affairs,Sports,simple_mcq,4,,,,FALSE,FALSE,A,provisional,medium,FALSE,,12,current_affairs,Rudrankksh Patil's medal at ISSF World C'ship Cairo (Gold),FALSE,
69th,2023-09-30,main,A,50,Current Affairs,Schemes & Indices,simple_mcq,4,,,,FALSE,FALSE,A,provisional,medium,TRUE,education policy — could be Polity,,specialized reference,NEP 2020 — vocational education integrated from which grade (Grade 6),FALSE,
69th,2023-09-30,main,A,51,Current Affairs,International,simple_mcq,4,,,,FALSE,FALSE,B,provisional,medium,TRUE,could be Economy/trade,15,current_affairs,India signed ECTA with which country (Australia),FALSE,
69th,2023-09-30,main,A,52,Current Affairs,International,simple_mcq,4,,,,FALSE,FALSE,C,provisional,hard,FALSE,,,current_affairs,Plain Language Act passed by which country (New Zealand),FALSE,
69th,2023-09-30,main,A,53,Current Affairs,International,simple_mcq,4,,,,FALSE,FALSE,C,provisional,hard,TRUE,could be Sci & Tech discovery,,current_affairs,Tillyardembiids (first plant pollinators) fossils discovered in (China),FALSE,
69th,2023-09-30,main,A,54,Environment & Ecology,Conservation & Policy,simple_mcq,4,,,,FALSE,FALSE,C,provisional,medium,FALSE,,,current_affairs,'Lisbon Declaration' — conservation of what (Oceans),FALSE,
69th,2023-09-30,main,A,55,History,Ancient,simple_mcq,4,,,,FALSE,FALSE,B,provisional,medium,FALSE,,,NCERT-level,Animal NOT known to Indus Valley people (Horse),FALSE,
69th,2023-09-30,main,A,56,History,Medieval,simple_mcq,4,,,,FALSE,FALSE,C,provisional,medium,TRUE,Art & Culture / static GK,,NCERT-level,Which is NOT a UNESCO World Heritage Site (India Gate),FALSE,
69th,2023-09-30,main,A,57,Polity,Constitutional provisions,simple_mcq,4,,,,FALSE,FALSE,C,provisional,easy,FALSE,,,NCERT-level,DPSP borrowed from Constitution of (Ireland),FALSE,
69th,2023-09-30,main,A,58,Polity,Constitutional provisions,simple_mcq,4,,,,FALSE,FALSE,B,provisional,medium,TRUE,could be Modern History,,NCERT-level,Sikkim became a full-fledged State in (1975),FALSE,
69th,2023-09-30,main,A,59,Economy,Banking & finance,simple_mcq,4,,,,FALSE,FALSE,B,provisional,easy,FALSE,,,NCERT-level,Which currency is the costliest (Pound Sterling),FALSE,
69th,2023-09-30,main,A,60,Bihar-Specific,Recent Developments,simple_mcq,4,,,,FALSE,FALSE,B,provisional,medium,TRUE,Bihar + Environment,,current_affairs,Bihar Govt target year to be pollution-free by cutting carbon (2024),FALSE,
69th,2023-09-30,main,A,61,History,Ancient,simple_mcq,4,,,,FALSE,FALSE,C,provisional,easy,FALSE,,,NCERT-level,Stupa/Chaitya/Vihara related to (Buddhism),FALSE,
69th,2023-09-30,main,A,62,Bihar-Specific,History & Culture,simple_mcq,4,,,,FALSE,FALSE,C,provisional,medium,FALSE,,,specialized reference,'Sujini' in Bihar handicrafts (embroidery),FALSE,
69th,2023-09-30,main,A,63,Bihar-Specific,History & Culture,statement_based,4,4,,1 and 2,FALSE,FALSE,C,provisional,hard,TRUE,could be History/Ancient,,specialized reference,Vikramshila University statements — which INCORRECT,FALSE,
69th,2023-09-30,main,A,64,History,Medieval,statement_based,4,4,,3 and 4,FALSE,FALSE,C,provisional,hard,FALSE,,,NCERT-level,"Babur's arrival led to — which correct (gunpowder, arch/dome, Timurid, cannons)",FALSE,
69th,2023-09-30,main,A,65,History,Medieval,simple_mcq,4,,,,FALSE,FALSE,B,provisional,medium,FALSE,,,specialized reference,Port called Babul Makka in Mughal period (Surat),FALSE,
69th,2023-09-30,main,A,66,History,Medieval,simple_mcq,4,,,,FALSE,FALSE,C,provisional,easy,FALSE,,,NCERT-level,'Ashta Pradhan' Council of Ministers (Maratha),FALSE,
69th,2023-09-30,main,A,67,History,Ancient,simple_mcq,4,,,,FALSE,FALSE,C,provisional,medium,FALSE,,,NCERT-level,'Bodhisattva Padmapani' painting located at (Ajanta),FALSE,
69th,2023-09-30,main,A,68,History,Ancient,statement_based,4,2,,None of the above,TRUE,TRUE,D,provisional,medium,FALSE,,,NCERT-level,Fa-Hien / Hiuen Tsang statements — which correct,FALSE,
69th,2023-09-30,main,A,69,History,Ancient,match_the_following,4,,4,,FALSE,FALSE,A,provisional,medium,FALSE,,,NCERT-level,Match Charaka/Brahmagupta/Varahamihira/Vishakhadatta with field,FALSE,
69th,2023-09-30,main,A,70,History,Medieval,simple_mcq,4,,,,FALSE,FALSE,C,provisional,medium,FALSE,,,specialized reference,Who introduced Persian festival Nowruz in India (Balban),FALSE,
69th,2023-09-30,main,A,71,History,Medieval,simple_mcq,4,,,,FALSE,FALSE,A,provisional,medium,FALSE,,,NCERT-level,Nathpanthis/Siddhas/Yogis made devotional religion popular in (Northern India),FALSE,
69th,2023-09-30,main,A,72,History,Modern,statement_based,4,2,,Both 1 and 2,FALSE,FALSE,C,provisional,medium,FALSE,,,NCERT-level,Wood's Dispatch 1854 statements — which correct,FALSE,
69th,2023-09-30,main,A,73,Bihar-Specific,History & Culture,simple_mcq,4,,,,FALSE,FALSE,C,provisional,hard,FALSE,,,specialized reference,Maithili language developed during which dynasty (Karnat),FALSE,
69th,2023-09-30,main,A,74,History,Ancient,simple_mcq,4,,,,FALSE,FALSE,A,provisional,medium,TRUE,Bihar (Magadha) history,,NCERT-level,Capital of ancient Magadha in early Vedic period (Rajagriha),FALSE,
69th,2023-09-30,main,A,75,History,Modern,statement_based,4,3,,"1, 2 and 3",TRUE,FALSE,D,provisional,medium,FALSE,,,NCERT-level,Vernacular Press Act statements — which correct,FALSE,
69th,2023-09-30,main,A,76,History,Modern,statement_based,4,4,,"1, 2, 3 and 4",TRUE,FALSE,D,provisional,hard,FALSE,,,specialized reference,Lord Mayo's Resolution 1870 statements — which correct,FALSE,
69th,2023-09-30,main,A,77,History,Ancient,simple_mcq,4,,,,FALSE,FALSE,B,provisional,hard,FALSE,,,specialized reference,Nitisara (early book of politics) written by (Kamandaka),FALSE,
69th,2023-09-30,main,A,78,History,Medieval,simple_mcq,4,,,,FALSE,FALSE,A,provisional,hard,FALSE,,,specialized reference,Futuhat-i-Alamgiri written by (Ishwardas Nagar),FALSE,
69th,2023-09-30,main,A,79,History,Ancient,simple_mcq,4,,,,FALSE,FALSE,B,provisional,hard,FALSE,,,specialized reference,Meghavarman sent missionary to which Gupta king (Samudragupta),FALSE,
69th,2023-09-30,main,A,80,Bihar-Specific,History & Culture,simple_mcq,4,,,,FALSE,FALSE,A,provisional,medium,TRUE,could be Modern History,,NCERT-level,When Bihar first separated from Bengal Presidency (1912),FALSE,
69th,2023-09-30,main,A,81,Geography,World,statement_based,4,4,,1 and 3,FALSE,FALSE,D,provisional,hard,FALSE,,,specialized reference,Lake Victoria statements — which INCORRECT,FALSE,
69th,2023-09-30,main,A,82,Geography,Physical,statement_based,4,2,,Neither 1 nor 2,TRUE,FALSE,D,provisional,medium,FALSE,,,NCERT-level,Heat wave criteria statements — which correct (Neither),FALSE,
69th,2023-09-30,main,A,83,Geography,World,match_the_following,4,,4,,FALSE,FALSE,A,provisional,hard,TRUE,explorers — could be History,,specialized reference,"Match explorer with birthplace (Columbus, Cartier, Drake, Magellan)",FALSE,
69th,2023-09-30,main,A,84,Geography,World,simple_mcq,4,,,,FALSE,FALSE,A,provisional,medium,FALSE,,,specialized reference,The emirates of UAE are,FALSE,
69th,2023-09-30,main,A,85,Geography,Physical,simple_mcq,4,,,,FALSE,FALSE,D,provisional,hard,FALSE,,,specialized reference,Subarnarekha river originates near which village (Nagri),FALSE,
69th,2023-09-30,main,A,86,Bihar-Specific,Geography,statement_based,4,4,,1 and 4,FALSE,FALSE,A,provisional,medium,FALSE,,,specialized reference,"Which National Parks/WLS are in Bihar (Valmiki, Bhimbandh)",FALSE,
69th,2023-09-30,main,A,87,Environment & Ecology,Biodiversity,statement_based,4,4,,"1, 3 and 4",FALSE,FALSE,D,provisional,medium,FALSE,,,specialized reference,Gangetic Dolphin statements — which correct,FALSE,
69th,2023-09-30,main,A,88,Geography,Physical,simple_mcq,4,,,,FALSE,FALSE,C,provisional,medium,TRUE,Bihar river,,NCERT-level,Other name of river Gandak (Narayani),FALSE,
69th,2023-09-30,main,A,89,Bihar-Specific,Geography,simple_mcq,4,,,,FALSE,FALSE,D,provisional,medium,FALSE,,,specialized reference,Gold found in which district of Bihar (Jamui),FALSE,
69th,2023-09-30,main,A,90,Bihar-Specific,Geography,simple_mcq,4,,,,FALSE,FALSE,C,provisional,medium,FALSE,,,specialized reference,Triveni Canal constructed on which river (Gandak),FALSE,
69th,2023-09-30,main,A,91,Geography,Physical,assertion_reason,4,,,,FALSE,FALSE,A,provisional,medium,FALSE,,,NCERT-level,A-R: placer gold Ghana/Brazil; continents joined along Atlantic (continental drift),FALSE,
69th,2023-09-30,main,A,92,Bihar-Specific,Geography,match_the_following,4,,4,,FALSE,FALSE,A,provisional,hard,FALSE,,,specialized reference,"Match Bihar rock systems with descriptions (Dharwar, Vindhyan, Quaternary, Tertiary)",FALSE,
69th,2023-09-30,main,A,93,Environment & Ecology,Biodiversity,simple_mcq,4,,,,FALSE,FALSE,A,provisional,medium,FALSE,,,specialized reference,World's richest marine biodiversity region — 21 islands (Gulf of Mannar),FALSE,
69th,2023-09-30,main,A,94,Geography,Physical,simple_mcq,4,,,,FALSE,FALSE,A,provisional,medium,TRUE,longitude time calculation — Reasoning element,,NCERT-level,Local time of Thimphu (90E) when Greenwich is noon,FALSE,
69th,2023-09-30,main,A,95,Geography,Economic,simple_mcq,4,,,,FALSE,FALSE,B,provisional,medium,FALSE,,,specialized reference,Which statement is correct (minerals: Mica in Kodarma),FALSE,
69th,2023-09-30,main,A,96,Geography,Physical,simple_mcq,4,,,,FALSE,FALSE,C,provisional,medium,FALSE,,,NCERT-level,How many latitudes at 1-degree interval on globe (179),FALSE,
69th,2023-09-30,main,A,97,Bihar-Specific,Geography,simple_mcq,4,,,,FALSE,FALSE,C,provisional,hard,FALSE,,,specialized reference,Average height of Kosi plain from MSL (30 m),FALSE,
69th,2023-09-30,main,A,98,Geography,Physical,simple_mcq,4,,,,FALSE,FALSE,B,provisional,hard,FALSE,,,specialized reference,On which plateau do Tropic of Cancer & IST line intersect (Baghelkhand),FALSE,
69th,2023-09-30,main,A,99,Geography,Physical,simple_mcq,4,,,,FALSE,FALSE,C,provisional,hard,FALSE,,,specialized reference,Which Uttarakhand district NOT along Tibet boundary (Almora),FALSE,
69th,2023-09-30,main,A,100,Geography,Physical,simple_mcq,4,,,,FALSE,FALSE,A,provisional,medium,FALSE,,,NCERT-level,Where does the El Nino current flow (Pacific Ocean),FALSE,
69th,2023-09-30,main,A,101,Polity,Constitutional provisions,statement_based,4,4,,1 and 3,FALSE,FALSE,D,provisional,medium,FALSE,,,NCERT-level,Collegium system statements — which correct,FALSE,
69th,2023-09-30,main,A,102,Polity,Constitutional provisions,statement_based,4,4,,2 and 3,FALSE,FALSE,C,provisional,medium,FALSE,,,NCERT-level,42nd Amendment statements — which INCORRECT,FALSE,
69th,2023-09-30,main,A,103,Polity,Constitutional provisions,statement_based,4,4,,All of the above,TRUE,TRUE,D,provisional,medium,FALSE,,,NCERT-level,Specifications to declare a Scheduled Tribe — which correct,FALSE,
69th,2023-09-30,main,A,104,Polity,Constitutional provisions,simple_mcq,4,,,,FALSE,FALSE,B,provisional,easy,FALSE,,,NCERT-level,Fundamental Rights idea taken from which country (USA),FALSE,
69th,2023-09-30,main,A,105,Polity,Constitutional provisions,simple_mcq,4,,,,FALSE,FALSE,C,provisional,easy,FALSE,,,NCERT-level,Untouchability abolished by which Article (17),FALSE,
69th,2023-09-30,main,A,106,Polity,Constitutional provisions,simple_mcq,4,,,,FALSE,FALSE,A,provisional,medium,FALSE,,,NCERT-level,Authority to determine number of High Court Judges (Parliament),FALSE,
69th,2023-09-30,main,A,107,Polity,Constitutional provisions,simple_mcq,4,,,,FALSE,FALSE,C,provisional,medium,FALSE,,,NCERT-level,Fifth Schedule deals with governance of (Scheduled Tribes),FALSE,
69th,2023-09-30,main,A,108,Polity,Constitutional provisions,simple_mcq,4,,,,FALSE,FALSE,B,provisional,medium,FALSE,,,NCERT-level,Which case first gave 'basic structure' doctrine (Kesavananda Bharati),FALSE,
69th,2023-09-30,main,A,109,Polity,Constitutional provisions,match_the_following,4,,4,,FALSE,FALSE,A,provisional,medium,TRUE,political-party GK,,specialized reference,"Match political parties with year of establishment (CPI-M, CPI, BSP, AITC)",FALSE,
69th,2023-09-30,main,A,110,Polity,Constitutional provisions,simple_mcq,4,,,,FALSE,FALSE,C,provisional,hard,FALSE,,,specialized reference,Article allowing Speaker to permit a member to speak in mother tongue,FALSE,
69th,2023-09-30,main,A,111,Economy,Banking & finance,statement_based,4,4,,"1, 2 and 3",FALSE,FALSE,D,provisional,medium,FALSE,,,NCERT-level,"RBI Forex Reserves include — which (FCA, Gold, SDR, RTP)",FALSE,
69th,2023-09-30,main,A,112,Economy,Banking & finance,statement_based,4,4,,All of the above,TRUE,TRUE,D,provisional,medium,FALSE,,,specialized reference,'Rules of Origin' statements — which correct,FALSE,
69th,2023-09-30,main,A,113,Economy,Macroeconomic concepts,statement_based,4,4,,Only 2 and 3,FALSE,FALSE,C,provisional,hard,TRUE,demography — could be Current Affairs/health,,specialized reference,Infant Mortality Rate statements — which correct,FALSE,
69th,2023-09-30,main,A,114,Economy,Macroeconomic concepts,statement_based,4,4,,Only 4,FALSE,FALSE,D,provisional,medium,FALSE,,,NCERT-level,Human capital formation — what it enables,FALSE,
69th,2023-09-30,main,A,115,Economy,Banking & finance,statement_based,4,4,,Only 4,FALSE,FALSE,C,provisional,medium,FALSE,,,specialized reference,Insolvency and bankruptcy statements — which correct,FALSE,
69th,2023-09-30,main,A,116,Economy,Five-year plans & policy,simple_mcq,4,,,,FALSE,FALSE,A,provisional,medium,FALSE,,,NCERT-level,In which year was the Industrial Policy Resolution adopted (1956),FALSE,
69th,2023-09-30,main,A,117,Current Affairs,Schemes & Indices,statement_based,4,4,,2 and 3,FALSE,FALSE,D,provisional,hard,TRUE,scheme — could be Economy,,current_affairs,PLI scheme statements — which INCORRECT,FALSE,
69th,2023-09-30,main,A,118,Current Affairs,Schemes & Indices,statement_based,4,4,,1 and 3,FALSE,FALSE,B,provisional,hard,TRUE,scheme — could be Polity/Panchayati Raj,,current_affairs,SVAMITVA scheme statements — which INCORRECT,FALSE,
69th,2023-09-30,main,A,119,Polity,Constitutional provisions,statement_based,4,4,,"Only 1, 3 and 4",FALSE,FALSE,A,provisional,hard,FALSE,,,specialized reference,Consequences of invoking Article 360 (financial emergency),FALSE,
69th,2023-09-30,main,A,120,Economy,Macroeconomic concepts,statement_based,4,4,,"1, 2, 3 and 4",TRUE,FALSE,D,provisional,hard,FALSE,,,specialized reference,Factors contributing to stagflation in Indian economy,FALSE,
69th,2023-09-30,main,A,121,Economy,Macroeconomic concepts,statement_based,4,4,,Only 4,FALSE,FALSE,D,provisional,hard,FALSE,,,current_affairs,Economic Survey 2023 — FDI trend statements,FALSE,
69th,2023-09-30,main,A,122,Bihar-Specific,Geography,simple_mcq,4,,,,FALSE,FALSE,Deleted,provisional,medium,TRUE,demography,,specialized reference,Current population of Gaya district of Bihar,FALSE,
69th,2023-09-30,main,A,123,Economy,Macroeconomic concepts,simple_mcq,4,,,,FALSE,FALSE,A,provisional,medium,FALSE,,,NCERT-level,Non-plan expenditure of Central Govt — which correct (interest payments),FALSE,
69th,2023-09-30,main,A,124,Economy,Macroeconomic concepts,simple_mcq,4,,,,FALSE,FALSE,C,provisional,medium,FALSE,,,NCERT-level,Which is NOT true about globalization & its impact on India,FALSE,
69th,2023-09-30,main,A,125,Economy,Macroeconomic concepts,statement_based,4,3,,Only 1,FALSE,FALSE,A,provisional,hard,FALSE,,,current_affairs,Union Govt finances statements (fiscal deficit FY21/FY22),FALSE,
69th,2023-09-30,main,A,126,History,Modern,statement_based,4,3,,All of the above,TRUE,TRUE,C,provisional,medium,FALSE,,,NCERT-level,Reasons for failure of the Revolt of 1857,FALSE,
69th,2023-09-30,main,A,127,Bihar-Specific,History & Culture,simple_mcq,4,,,,FALSE,FALSE,B,provisional,medium,FALSE,,,specialized reference,Cook from Bihar who saved Gandhi's life in 1917 (Batak Mian),FALSE,
69th,2023-09-30,main,A,128,Bihar-Specific,History & Culture,simple_mcq,4,,,,FALSE,FALSE,C,provisional,medium,FALSE,,,specialized reference,Bakasht Movement in Bihar 1937-38 organized by (Sahajanand Saraswati),FALSE,
69th,2023-09-30,main,A,129,History,Modern,statement_based,4,4,,2-4-1-3,FALSE,FALSE,B,provisional,hard,FALSE,,,NCERT-level,"Chronological order: Home Rule, Surat Split, Kheda Satyagraha, Minto-Morley",FALSE,
69th,2023-09-30,main,A,130,History,Modern,simple_mcq,4,,,,FALSE,FALSE,D,provisional,medium,FALSE,,,specialized reference,Lord Lytton NOT associated with which (Ilbert Bill),FALSE,
69th,2023-09-30,main,A,131,History,Modern,simple_mcq,4,,,,FALSE,FALSE,A,provisional,medium,FALSE,,,NCERT-level,Treaty signed after the Battle of Buxar (Allahabad),FALSE,
69th,2023-09-30,main,A,132,Bihar-Specific,History & Culture,simple_mcq,4,,,,FALSE,FALSE,B,provisional,hard,FALSE,,,specialized reference,Dutch East India Company factory at Patna in which year (1632),FALSE,
69th,2023-09-30,main,A,133,History,Modern,simple_mcq,4,,,,FALSE,FALSE,C,provisional,medium,FALSE,,,NCERT-level,Gandhi's first use of hunger strike as a weapon (Ahmedabad Strike),FALSE,
69th,2023-09-30,main,A,134,Bihar-Specific,History & Culture,simple_mcq,4,,,,FALSE,FALSE,B,provisional,medium,FALSE,,,specialized reference,Bihar leader known as 'Bihar Kesari' in Quit India (Shri Krishna Singh),FALSE,
69th,2023-09-30,main,A,135,History,Modern,simple_mcq,4,,,,FALSE,FALSE,C,provisional,medium,TRUE,Champaran — Bihar-linked,,NCERT-level,British response to Champaran Movement (Agrarian Committee),FALSE,
69th,2023-09-30,main,A,136,History,Modern,match_the_following,4,,3,,FALSE,FALSE,A,provisional,medium,FALSE,,,specialized reference,"Match reform societies with founders (Servants of India, Tattwabodhini, Atmiya Sabha)",FALSE,
69th,2023-09-30,main,A,137,History,Modern,simple_mcq,4,,,,FALSE,FALSE,C,provisional,hard,FALSE,,,specialized reference,"Ambabai, woman freedom fighter, from which State (Karnataka)",FALSE,
69th,2023-09-30,main,A,138,History,Modern,simple_mcq,4,,,,FALSE,FALSE,C,provisional,medium,FALSE,,,NCERT-level,Who was NOT a member of the Cabinet Mission (J. Andrew),FALSE,
69th,2023-09-30,main,A,139,History,Modern,simple_mcq,4,,,,FALSE,FALSE,B,provisional,medium,FALSE,,,specialized reference,'INC founded on safety-valve theory' — which leader said (Lala Lajpat Rai),FALSE,
69th,2023-09-30,main,A,140,History,Modern,simple_mcq,4,,,,FALSE,FALSE,C,provisional,medium,FALSE,,,specialized reference,INC session where Fundamental Rights resolutions first passed (Karachi 1931),FALSE,
69th,2023-09-30,main,A,141,Reasoning & Aptitude,Logical/Verbal,reasoning_aptitude,4,,,,FALSE,FALSE,C,provisional,medium,FALSE,,,specialized reference,Code language: GAME/BEAD -> MADE,FALSE,
69th,2023-09-30,main,A,142,Reasoning & Aptitude,Logical/Verbal,reasoning_aptitude,4,,,,FALSE,FALSE,D,provisional,medium,FALSE,,,specialized reference,"Direction reasoning (Q, M, S, T travel directions)",FALSE,
69th,2023-09-30,main,A,143,Reasoning & Aptitude,Quantitative/Numerical,reasoning_aptitude,4,,,,FALSE,FALSE,B,provisional,medium,FALSE,,,specialized reference,Land plot percentage math (Ramesh vs Suresh),FALSE,
69th,2023-09-30,main,A,144,Reasoning & Aptitude,Logical/Verbal,reasoning_aptitude,4,,,,FALSE,FALSE,D,provisional,medium,FALSE,,,specialized reference,"Find the odd pair (Millinery, Brewery, Stationery, Snobbery)",FALSE,
69th,2023-09-30,main,A,145,Reasoning & Aptitude,Quantitative/Numerical,reasoning_aptitude,4,,,,FALSE,FALSE,B,provisional,medium,FALSE,,,specialized reference,Number series: 132 156 ? 210 240 272,FALSE,
69th,2023-09-30,main,A,146,Reasoning & Aptitude,Quantitative/Numerical,reasoning_aptitude,4,,,,FALSE,FALSE,B,provisional,medium,FALSE,,,specialized reference,"Missing number in 3x3 matrix (44,49,37 / 52,?,41 / 58,35,53)",FALSE,
69th,2023-09-30,main,A,147,Reasoning & Aptitude,Logical/Verbal,reasoning_aptitude,4,,,,FALSE,FALSE,D,provisional,medium,FALSE,,,specialized reference,Statement-conclusion: cricket runs by spinners,FALSE,
69th,2023-09-30,main,A,148,Reasoning & Aptitude,Logical/Verbal,reasoning_aptitude,4,,,,FALSE,FALSE,A,provisional,hard,FALSE,,,specialized reference,Code language: GREAT/MONK -> VIGOROUS,FALSE,
69th,2023-09-30,main,A,149,Reasoning & Aptitude,Logical/Verbal,reasoning_aptitude,4,,,,FALSE,FALSE,C,provisional,medium,FALSE,,,specialized reference,Find the odd one in letter groups,FALSE,
69th,2023-09-30,main,A,150,Reasoning & Aptitude,Quantitative/Numerical,reasoning_aptitude,4,,,,FALSE,FALSE,A,provisional,hard,FALSE,,,specialized reference,"Direction-distance: company branches M,N,O,P",FALSE,
70th,2024-12-13,main,E,1,Geography,Economic,simple_mcq,4,,,,FALSE,FALSE,D,provisional,medium,TRUE,minerals — could be Sci & Tech/Chemistry,,NCERT-level,Which is an iron ore (Bauxite/Cinnabar/Pyrite/Limonite),FALSE,
70th,2024-12-13,main,E,2,Geography,Physical,simple_mcq,4,,,,FALSE,FALSE,B,provisional,easy,FALSE,,,NCERT-level,Rock formed from cooling/solidifying lava (Igneous),FALSE,
70th,2024-12-13,main,E,3,Polity,Constitutional provisions,simple_mcq,4,,,,FALSE,FALSE,B,provisional,medium,FALSE,,,NCERT-level,Object of 'cut motion' in Parliament,FALSE,
70th,2024-12-13,main,E,4,History,Modern,simple_mcq,4,,,,FALSE,FALSE,A,provisional,easy,FALSE,,,NCERT-level,When British shifted capital to Delhi (1912),FALSE,
70th,2024-12-13,main,E,5,Polity,Constitutional provisions,simple_mcq,4,,,,FALSE,FALSE,B,provisional,medium,FALSE,,,NCERT-level,Anglo-Indian representation in Lok Sabha (104th CAA),FALSE,
70th,2024-12-13,main,E,6,Current Affairs,International,simple_mcq,4,,,,FALSE,FALSE,A,provisional,medium,TRUE,could be Economy,10,current_affairs,Venue of 13th WTO Ministerial Feb 2024 (Abu Dhabi),FALSE,
70th,2024-12-13,main,E,7,Current Affairs,Sports,simple_mcq,4,,,,FALSE,FALSE,C,provisional,medium,FALSE,,6,current_affairs,French Open 2024 Men's Singles winner (Alcaraz),FALSE,
70th,2024-12-13,main,E,8,Current Affairs,National,simple_mcq,4,,,,FALSE,FALSE,B,provisional,hard,TRUE,could be Polity,9,current_affairs,Postal-ballot age after Mar 2024 change (85),FALSE,
70th,2024-12-13,main,E,9,Economy,Five-year plans & policy,simple_mcq,4,,,,FALSE,FALSE,A,provisional,hard,TRUE,could be Current Affairs,,current_affairs,Budget 2024-25 oilseed NOT under Atmanirbharta (Coconut),FALSE,
70th,2024-12-13,main,E,10,Science & Technology,Chemistry,simple_mcq,4,,,,FALSE,FALSE,B,provisional,medium,FALSE,,,NCERT-level,Which pairs give displacement reactions (AgNO3 + copper),FALSE,
70th,2024-12-13,main,E,11,Bihar-Specific,History & Culture,simple_mcq,4,,,,FALSE,FALSE,B,provisional,medium,FALSE,,,specialized reference,Bihula Festival — which Bihar district (Bhagalpur),FALSE,
70th,2024-12-13,main,E,12,Science & Technology,Physics,simple_mcq,4,,,,FALSE,FALSE,B,provisional,easy,FALSE,,,NCERT-level,Heat transfer needing no medium (Radiation),FALSE,
70th,2024-12-13,main,E,13,Science & Technology,Biology,simple_mcq,4,,,,FALSE,FALSE,C,provisional,easy,FALSE,,,NCERT-level,Which acid is secreted in the stomach (Hydrochloric),FALSE,
70th,2024-12-13,main,E,14,History,Modern,simple_mcq,4,,,,FALSE,FALSE,C,provisional,medium,FALSE,,,NCERT-level,"Ramkrishna Mission founded by (Swami Vivekanand, 1897)",FALSE,
70th,2024-12-13,main,E,15,Bihar-Specific,Recent Developments,simple_mcq,4,,,,FALSE,FALSE,A,provisional,medium,FALSE,,,current_affairs,Bihar city with new National Dolphin Research Centre (Patna),FALSE,
70th,2024-12-13,main,E,16,Polity,Constitutional provisions,simple_mcq,4,,,,FALSE,FALSE,C,provisional,medium,FALSE,,,NCERT-level,Article restricting MP from holding office of profit (102(1)(a)),FALSE,
70th,2024-12-13,main,E,17,Current Affairs,International,simple_mcq,4,,,,FALSE,FALSE,A,provisional,medium,TRUE,could be Sci & Tech,6,current_affairs,"First country to bring soil from far side of moon, June 2024 (China)",FALSE,
70th,2024-12-13,main,E,18,Geography,Physical,statement_based,4,4,,1 2 3 4,FALSE,FALSE,C,provisional,medium,FALSE,,,NCERT-level,"Mountain ranges east-to-west sequence (Garo, Nandadevi, Kamet, K2)",FALSE,
70th,2024-12-13,main,E,19,Polity,Constitutional provisions,simple_mcq,4,,,,FALSE,FALSE,D,provisional,medium,TRUE,static GK,,specialized reference,Speaker of Lok Sabha before becoming President (Neelam Sanjeeva Reddy),FALSE,
70th,2024-12-13,main,E,20,History,Modern,simple_mcq,4,,,,FALSE,FALSE,C,provisional,easy,FALSE,,,NCERT-level,"Who gave the slogan 'Do or Die' and when (Gandhi, Quit India)",FALSE,
70th,2024-12-13,main,E,21,Current Affairs,National,simple_mcq,4,,,,FALSE,FALSE,C,provisional,medium,FALSE,,52,current_affairs,"When CANI undersea cable project inaugurated (Aug 10, 2020)",FALSE,
70th,2024-12-13,main,E,22,History,Modern,simple_mcq,4,,,,FALSE,FALSE,B,provisional,medium,FALSE,,,specialized reference,Who wrote 'New Lamps For The Old' (Aurobindo Ghosh),FALSE,
70th,2024-12-13,main,E,23,Current Affairs,National,simple_mcq,4,,,,FALSE,FALSE,C,provisional,medium,FALSE,,8,current_affairs,LS seat where Shompen PVTG first voted Apr 2024 (Andaman & Nicobar),FALSE,
70th,2024-12-13,main,E,24,Current Affairs,International,simple_mcq,4,,,,FALSE,FALSE,B,provisional,easy,FALSE,,9,current_affairs,Country that joined NATO Mar 2024 after 200 yrs neutral (Sweden),FALSE,
70th,2024-12-13,main,E,25,Science & Technology,Physics,simple_mcq,4,,,,FALSE,FALSE,C,provisional,easy,FALSE,,,NCERT-level,Meter to measure distance moved by a vehicle (Odometer),FALSE,
70th,2024-12-13,main,E,26,History,Modern,simple_mcq,4,,,,FALSE,FALSE,C,provisional,medium,FALSE,,,NCERT-level,When Muslim League observed 'Direct Action Day' (16 Aug 1946),FALSE,
70th,2024-12-13,main,E,27,Current Affairs,National,simple_mcq,4,,,,FALSE,FALSE,A,provisional,medium,TRUE,could be Economy,,current_affairs,India's position in mobile phone manufacturing 2023 (2nd),FALSE,
70th,2024-12-13,main,E,28,Polity,Constitutional provisions,simple_mcq,4,,,,FALSE,FALSE,C,provisional,easy,FALSE,,,NCERT-level,"Two words added to Preamble by 42nd Amendment (Secular, Socialist)",FALSE,
70th,2024-12-13,main,E,29,Science & Technology,Physics,simple_mcq,4,,,,FALSE,FALSE,C,provisional,medium,FALSE,,,NCERT-level,First to propose a model for atomic structure (J.J. Thomson),FALSE,
70th,2024-12-13,main,E,30,Economy,Macroeconomic concepts,simple_mcq,4,,,,FALSE,FALSE,C,provisional,hard,TRUE,could be Current Affairs,,current_affairs,IIP FY2023 — which indices grew significantly (capital + infra goods),FALSE,
70th,2024-12-13,main,E,31,Polity,Constitutional provisions,simple_mcq,4,,,,FALSE,FALSE,D,provisional,medium,FALSE,,,NCERT-level,Amendment restricting Council of Ministers to 15% of Lok Sabha (91st),FALSE,
70th,2024-12-13,main,E,32,Current Affairs,International,simple_mcq,4,,,,FALSE,FALSE,D,provisional,medium,FALSE,,8,current_affairs,Apr 2024 UNSC members who rejected/abstained on Palestine UN membership (3),FALSE,
70th,2024-12-13,main,E,33,Current Affairs,Awards & Appointments,simple_mcq,4,,,,FALSE,FALSE,D,provisional,medium,FALSE,,3,current_affairs,Ruchira Kamboj (first woman Indian Ambassador to UN) — which is true,FALSE,
70th,2024-12-13,main,E,34,Science & Technology,Chemistry,statement_based,4,4,,"i, ii and iv",FALSE,FALSE,D,provisional,medium,FALSE,,,NCERT-level,Dalton's atomic theory explained which laws,FALSE,
70th,2024-12-13,main,E,35,History,Ancient,statement_based,4,4,,More than one of the above,FALSE,FALSE,D,provisional,hard,FALSE,,,specialized reference,King 'Praversena' (Vakataka) statements — which correct,FALSE,
70th,2024-12-13,main,E,36,Polity,Panchayati Raj & local governance,simple_mcq,4,,,,FALSE,FALSE,A,provisional,medium,FALSE,,,NCERT-level,Art 243J — who provides for maintenance of Panchayat accounts (State Legislature),FALSE,
70th,2024-12-13,main,E,37,Environment & Ecology,Conservation & Policy,simple_mcq,4,,,,FALSE,FALSE,D,provisional,medium,TRUE,organisation GK — could be Economy,,specialized reference,Full form of PCRA (Petroleum Conservation Research Association),FALSE,
70th,2024-12-13,main,E,38,Polity,Constitutional provisions,simple_mcq,4,,,,FALSE,FALSE,B,provisional,medium,FALSE,,,NCERT-level,Who decides disqualification of MLAs (non-10th-schedule matters) (Governor),FALSE,
70th,2024-12-13,main,E,39,Science & Technology,Biology,simple_mcq,4,,,,FALSE,FALSE,B,provisional,medium,FALSE,,,NCERT-level,Bacterial disease called spleenic fever (Anthrax),FALSE,
70th,2024-12-13,main,E,40,Geography,Physical,simple_mcq,4,,,,FALSE,FALSE,A,provisional,medium,TRUE,odd-one-out — Reasoning element,,NCERT-level,Which river is different from the others (Narmada),FALSE,
70th,2024-12-13,main,E,41,Geography,Human,simple_mcq,4,,,,TRUE,TRUE,D,provisional,easy,FALSE,,,NCERT-level,Cause of rural-to-urban migration in India (All the above),FALSE,
70th,2024-12-13,main,E,42,History,Modern,simple_mcq,4,,,,FALSE,FALSE,A,provisional,medium,FALSE,,,specialized reference,Founder of the Farazi Movement (Haji Shariatullah),FALSE,
70th,2024-12-13,main,E,43,Bihar-Specific,History & Culture,simple_mcq,4,,,,FALSE,FALSE,B,provisional,medium,TRUE,could be Modern History,,specialized reference,Newspaper Sahajanand Saraswati published for peasants (Lok Sangraha),FALSE,
70th,2024-12-13,main,E,44,Reasoning & Aptitude,Logical/Verbal,reasoning_aptitude,4,,,,FALSE,FALSE,A,provisional,medium,FALSE,,,specialized reference,Group of letters different from others (PSVX/ORUX/JMPS/CFIL),FALSE,
70th,2024-12-13,main,E,45,Economy,Banking & finance,simple_mcq,4,,,,FALSE,FALSE,B,provisional,hard,TRUE,could be Current Affairs,,current_affairs,CRISIL: corporate bond market size by FY2030 (Rs 100-120 lakh cr),FALSE,
70th,2024-12-13,main,E,46,History,Modern,match_the_following,4,,4,,FALSE,FALSE,A,provisional,medium,FALSE,,,specialized reference,"Match political organisation with founder (Khaksars, Socialist Party, ILP, Forward Bloc)",FALSE,
70th,2024-12-13,main,E,47,Bihar-Specific,Recent Developments,simple_mcq,4,,,,FALSE,FALSE,D,provisional,medium,FALSE,,5,current_affairs,Shreyasi Singh (shooter MLA) elected from which Bihar constituency (Jamui),FALSE,
70th,2024-12-13,main,E,48,Current Affairs,Awards & Appointments,simple_mcq,4,,,,FALSE,FALSE,B,provisional,medium,FALSE,,5,current_affairs,Justice N. Kotiswar Singh was CJ of which HC before SC (J&K and Ladakh),FALSE,
70th,2024-12-13,main,E,49,Bihar-Specific,Geography,simple_mcq,4,,,,FALSE,FALSE,B,provisional,hard,FALSE,,,specialized reference,Bihar district with highest % ST population (2011 census),FALSE,
70th,2024-12-13,main,E,50,Science & Technology,Chemistry,statement_based,4,4,,ii and iii,FALSE,FALSE,A,provisional,medium,FALSE,,,NCERT-level,"Which processes are exothermic (evaporation, acid dilution, quicklime, sublimation)",FALSE,
70th,2024-12-13,main,E,51,Bihar-Specific,Geography,match_the_following,4,,4,,FALSE,FALSE,D,provisional,medium,FALSE,,,specialized reference,"Match Bihar districts with products (Vaishali, Bhagalpur, Jamui, Madhepura)",FALSE,
70th,2024-12-13,main,E,52,Reasoning & Aptitude,Logical/Verbal,reasoning_aptitude,4,,,,FALSE,FALSE,C,provisional,medium,FALSE,,,specialized reference,Analogy: Motorcycle:battery :: Life:? (Sun),FALSE,
70th,2024-12-13,main,E,53,Polity,Constitutional provisions,simple_mcq,4,,,,FALSE,FALSE,D,provisional,medium,FALSE,,,NCERT-level,Time for Governor to return an ordinary bill for reconsideration (No limit),FALSE,
70th,2024-12-13,main,E,54,History,Ancient,simple_mcq,4,,,,FALSE,FALSE,B,provisional,medium,FALSE,,,specialized reference,Ruler of Assam in the time of Harsha (Bhaskar Varman),FALSE,
70th,2024-12-13,main,E,55,History,Modern,simple_mcq,4,,,,FALSE,FALSE,D,provisional,hard,TRUE,could be Economy,,specialized reference,Who headed the Royal Commission on Indian currency 1913 (Austin Chamberlain),FALSE,
70th,2024-12-13,main,E,56,Geography,World,simple_mcq,4,,,,FALSE,FALSE,B,provisional,easy,FALSE,,,NCERT-level,Which city is on river Seine (Paris),FALSE,
70th,2024-12-13,main,E,57,Current Affairs,Sports,simple_mcq,4,,,,FALSE,FALSE,C,provisional,medium,FALSE,,7,current_affairs,Aman Sehrawat's freestyle weight category for Paris 2024 (57 kg),FALSE,
70th,2024-12-13,main,E,58,Science & Technology,Biology,simple_mcq,4,,,,FALSE,FALSE,C,provisional,medium,FALSE,,,NCERT-level,Organisms with spore formation as reproduction (Fern),FALSE,
70th,2024-12-13,main,E,59,History,Modern,simple_mcq,4,,,,FALSE,FALSE,C,provisional,hard,TRUE,Patna session — Bihar-linked,,specialized reference,President of INC at Patna Session 1912 (R.N. Madhulkar),FALSE,
70th,2024-12-13,main,E,60,Reasoning & Aptitude,Logical/Verbal,reasoning_aptitude,4,,,,FALSE,FALSE,D,provisional,medium,FALSE,,,specialized reference,Direction-distance: Gaurav walks (60 metres),FALSE,
70th,2024-12-13,main,E,61,Economy,Macroeconomic concepts,simple_mcq,4,,,,FALSE,FALSE,B,provisional,hard,FALSE,,,current_affairs,GVA sector shares FY2024 (Econ Survey 2023-24): Agri/Industry/Services,FALSE,
70th,2024-12-13,main,E,62,Geography,Economic,simple_mcq,4,,,,FALSE,FALSE,B,provisional,medium,TRUE,ores — could be Sci & Tech/Chemistry,,NCERT-level,Corundum and cryolite are ores of (Aluminium),FALSE,
70th,2024-12-13,main,E,63,Geography,Human,simple_mcq,4,,,,FALSE,FALSE,B,provisional,easy,FALSE,,,NCERT-level,Which is a technopolis (Silicon Valley),FALSE,
70th,2024-12-13,main,E,64,Science & Technology,Chemistry,simple_mcq,4,,,,FALSE,FALSE,B,provisional,medium,FALSE,,,NCERT-level,"Suitable condition for liquefaction of gases (low temp, high pressure)",FALSE,
70th,2024-12-13,main,E,65,Polity,Constitutional provisions,simple_mcq,4,,,,FALSE,FALSE,C,provisional,medium,FALSE,,,NCERT-level,Date National Flag adopted by Constituent Assembly (22 July 1947),FALSE,
70th,2024-12-13,main,E,66,History,Modern,simple_mcq,4,,,,FALSE,FALSE,B,provisional,hard,FALSE,,,specialized reference,Quit India parallel govts — which NOT correctly matched (Raiyati Sarkar-Kheda),FALSE,
70th,2024-12-13,main,E,67,Current Affairs,National,simple_mcq,4,,,,FALSE,FALSE,A,provisional,medium,FALSE,,6,current_affairs,"City named India's First UNESCO City of Literature, June 2024 (Kozhikode)",FALSE,
70th,2024-12-13,main,E,68,Bihar-Specific,Recent Developments,simple_mcq,4,,,,FALSE,FALSE,C,provisional,medium,FALSE,,5,current_affairs,Bihar centre under Vishnupad Yojana for tourism (Budget 2024) (Gaya),FALSE,
70th,2024-12-13,main,E,69,Current Affairs,Sports,simple_mcq,4,,,,FALSE,FALSE,B,provisional,medium,FALSE,,6,current_affairs,First Indian to scale Everest & Lhotse twice in one season (Satyadeep Gupta),FALSE,
70th,2024-12-13,main,E,70,Science & Technology,Biology,simple_mcq,4,,,,FALSE,FALSE,A,provisional,easy,FALSE,,,NCERT-level,Fluid part of the blood (Plasma),FALSE,
70th,2024-12-13,main,E,71,Geography,Economic,simple_mcq,4,,,,FALSE,FALSE,C,provisional,medium,FALSE,,,NCERT-level,Which port is an artificial port (Chennai),FALSE,
70th,2024-12-13,main,E,72,Bihar-Specific,History & Culture,simple_mcq,4,,,,FALSE,FALSE,A,provisional,hard,FALSE,,,specialized reference,Book 'Gharib Hindustan' banned in Bihar 1930 — author (Mohd. Wali Hassan),FALSE,
70th,2024-12-13,main,E,73,Science & Technology,Chemistry,simple_mcq,4,,,,FALSE,FALSE,A,provisional,medium,FALSE,,,specialized reference,First artificially prepared element (Technetium),FALSE,
70th,2024-12-13,main,E,74,Bihar-Specific,Economy,simple_mcq,4,,,,FALSE,FALSE,B,provisional,medium,FALSE,,,specialized reference,When Bihar introduced Green Budget for the first time (FY 2020-21),FALSE,
70th,2024-12-13,main,E,75,History,Medieval,match_the_following,4,,4,,FALSE,FALSE,A,provisional,medium,FALSE,,,specialized reference,Match Ashta Pradhan (Maratha) officials with departments,FALSE,
70th,2024-12-13,main,E,76,History,Modern,simple_mcq,4,,,,FALSE,FALSE,C,provisional,medium,FALSE,,,specialized reference,Countries recognizing Bose's 1943 provisional govt (9),FALSE,
70th,2024-12-13,main,E,77,History,Ancient,simple_mcq,4,,,,FALSE,FALSE,A,provisional,medium,TRUE,Magadha — Bihar-linked,,specialized reference,Ruler who founded 'Haryak Vansh' in ancient Bihar (Bimbisara),FALSE,
70th,2024-12-13,main,E,78,Reasoning & Aptitude,Quantitative/Numerical,reasoning_aptitude,4,,,,FALSE,FALSE,D,provisional,medium,FALSE,,,specialized reference,Calendar: Feb 1 1996 Wed -> day on Mar 3 1996 (Saturday),FALSE,
70th,2024-12-13,main,E,79,Geography,Economic,simple_mcq,4,,,,FALSE,FALSE,A,provisional,medium,FALSE,,,NCERT-level,Which is a zaid crop,FALSE,
70th,2024-12-13,main,E,80,Economy,Macroeconomic concepts,simple_mcq,4,,,,FALSE,FALSE,A,provisional,hard,FALSE,,,current_affairs,Female LFPR increase 2017-18 to 2022-23 (NSSO) (23.3% to 37%),FALSE,
70th,2024-12-13,main,E,81,History,Modern,simple_mcq,4,,,,FALSE,FALSE,D,provisional,medium,FALSE,,,NCERT-level,Royal Titles Act — Queen Victoria became Empress of India (1876),FALSE,
70th,2024-12-13,main,E,82,Science & Technology,Chemistry,simple_mcq,4,,,,FALSE,FALSE,C,provisional,medium,FALSE,,,NCERT-level,Melamine (floor tiles) is an example of (Thermosetting plastic),FALSE,
70th,2024-12-13,main,E,83,Reasoning & Aptitude,Quantitative/Numerical,reasoning_aptitude,4,,,,FALSE,FALSE,A,provisional,hard,FALSE,,,specialized reference,Symbol-substitution arithmetic expression (0),FALSE,
70th,2024-12-13,main,E,84,Bihar-Specific,History & Culture,simple_mcq,4,,,,FALSE,FALSE,A,provisional,hard,FALSE,,,specialized reference,'Hundred Years of INC in Bihar' edited by (P.N. Ojha),FALSE,
70th,2024-12-13,main,E,85,Bihar-Specific,Geography,simple_mcq,4,,,,FALSE,FALSE,B,provisional,medium,FALSE,,,specialized reference,Sex ratio in Bihar per Census 2011 (918),FALSE,
70th,2024-12-13,main,E,86,Geography,World,simple_mcq,4,,,,FALSE,FALSE,C,provisional,easy,FALSE,,,NCERT-level,The Andes extends along (West Coast of South America),FALSE,
70th,2024-12-13,main,E,87,History,Medieval,simple_mcq,4,,,,FALSE,FALSE,C,provisional,hard,FALSE,,,specialized reference,'Chach Nama' translated to Persian by (M.A. Bin Abu Bakr Kufi),FALSE,
70th,2024-12-13,main,E,88,Science & Technology,Physics,simple_mcq,4,,,,FALSE,FALSE,A,provisional,easy,FALSE,,,NCERT-level,Radiation used for relief from body aches (Infra-red),FALSE,
70th,2024-12-13,main,E,89,History,Ancient,simple_mcq,4,,,,FALSE,FALSE,C,provisional,medium,TRUE,Magadha — Bihar-linked,,specialized reference,Dynasty that ruled Magadh after Shishunag (Nanda),FALSE,
70th,2024-12-13,main,E,90,Science & Technology,Biology,simple_mcq,4,,,,FALSE,FALSE,B,provisional,easy,FALSE,,,NCERT-level,Structural and functional unit of life (Cell),FALSE,
70th,2024-12-13,main,E,91,Current Affairs,International,simple_mcq,4,,,,FALSE,FALSE,B,provisional,medium,FALSE,,5,current_affairs,Place where Trump was shot at a rally (Pennsylvania),FALSE,
70th,2024-12-13,main,E,92,Reasoning & Aptitude,Logical/Verbal,reasoning_aptitude,4,,,,FALSE,FALSE,C,provisional,medium,FALSE,,,specialized reference,Count triangles in figure PQRS (12),FALSE,
70th,2024-12-13,main,E,93,Science & Technology,Chemistry,simple_mcq,4,,,,FALSE,FALSE,D,provisional,medium,FALSE,,,NCERT-level,Constituents of a soda-acid fire extinguisher,FALSE,
70th,2024-12-13,main,E,94,Geography,Human,simple_mcq,4,,,,FALSE,FALSE,D,provisional,easy,FALSE,,,NCERT-level,Human race inhabiting China/Mongolia/Japan (Mongoloid),FALSE,
70th,2024-12-13,main,E,95,History,Modern,simple_mcq,4,,,,FALSE,FALSE,B,provisional,medium,FALSE,,,specialized reference,Which capitalist was NOT an architect of the Bombay Plan (Dhirubhai Ambani),FALSE,
70th,2024-12-13,main,E,96,Bihar-Specific,Polity & Governance,simple_mcq,4,,,,FALSE,FALSE,A,provisional,hard,FALSE,,5,current_affairs,Community SC-listed by 2015 Bihar notification quashed Jul 2024 (Tanti-Tantwa),FALSE,
70th,2024-12-13,main,E,97,History,Modern,simple_mcq,4,,,,FALSE,FALSE,B,provisional,medium,FALSE,,,NCERT-level,Economic foundation of India-China-England triangular trade (Opium),FALSE,
70th,2024-12-13,main,E,98,Bihar-Specific,Geography,simple_mcq,4,,,,FALSE,FALSE,B,provisional,medium,FALSE,,,specialized reference,Munger Hilly region — which physiographic region (Southern Hilly),FALSE,
70th,2024-12-13,main,E,99,Reasoning & Aptitude,Logical/Verbal,reasoning_aptitude,4,,,,FALSE,FALSE,D,provisional,medium,FALSE,,,specialized reference,Code language: COMPUTER=RFUVQNPC -> MEDICINE,FALSE,
70th,2024-12-13,main,E,100,History,Medieval,simple_mcq,4,,,,FALSE,FALSE,C,provisional,hard,FALSE,,,specialized reference,Malik Kafur ('Hazar Dinari') was bought by (Nusrat Khan),FALSE,
70th,2024-12-13,main,E,101,History,Modern,simple_mcq,4,,,,FALSE,FALSE,A,provisional,medium,FALSE,,,specialized reference,Struggle-Truce-Struggle strategy came into prominence with (Quit India),FALSE,
70th,2024-12-13,main,E,102,Science & Technology,Biology,simple_mcq,4,,,,FALSE,FALSE,C,provisional,medium,FALSE,,,NCERT-level,Fertilizer component for stimulating early growth (Phosphorus),FALSE,
70th,2024-12-13,main,E,103,Bihar-Specific,Economy,simple_mcq,4,,,,FALSE,FALSE,A,provisional,hard,FALSE,,,specialized reference,Year Bihar State Hydroelectric Power Corporation established (1992),FALSE,
70th,2024-12-13,main,E,104,Bihar-Specific,Recent Developments,simple_mcq,4,,,,FALSE,FALSE,C,provisional,medium,FALSE,,4,current_affairs,Manvi Madhu Kashyap became Bihar's first transgender ___,TRUE,"Answer key says (A) Bus Driver; she is widely reported as Bihar's first transgender Sub-Inspector (Police), not Bus Driver."
70th,2024-12-13,main,E,105,Science & Technology,Biology,simple_mcq,4,,,,FALSE,FALSE,C,provisional,easy,FALSE,,,NCERT-level,What chlorophyll is used for in photosynthesis (Absorbing light),FALSE,
70th,2024-12-13,main,E,106,Current Affairs,Sports,simple_mcq,4,,,,FALSE,FALSE,C,provisional,medium,FALSE,,4,current_affairs,Author of 'I Have the Streets: A Kutti Cricket Story' (Ashwin & Monga),FALSE,
70th,2024-12-13,main,E,107,Current Affairs,Awards & Appointments,simple_mcq,4,,,,FALSE,FALSE,A,provisional,medium,FALSE,,8,current_affairs,Goldman Environmental Prize 2024 winner from Asia (Alok Shukla),FALSE,
70th,2024-12-13,main,E,108,Bihar-Specific,History & Culture,simple_mcq,4,,,,FALSE,FALSE,B,provisional,easy,FALSE,,,specialized reference,One-month cattle fair at Ganga-Gandak confluence (Sonepur Mela),FALSE,
70th,2024-12-13,main,E,109,Reasoning & Aptitude,Quantitative/Numerical,reasoning_aptitude,4,,,,FALSE,FALSE,A,provisional,medium,FALSE,,,specialized reference,"14th term of sequence 14,10,6,2,... (-38)",FALSE,
70th,2024-12-13,main,E,110,Geography,Economic,simple_mcq,4,,,,TRUE,TRUE,D,provisional,easy,FALSE,,,NCERT-level,Indian states with major coal reserves (All the above),FALSE,
70th,2024-12-13,main,E,111,History,Ancient,simple_mcq,4,,,,FALSE,FALSE,B,provisional,medium,FALSE,,,specialized reference,Capital of the Chera dynasty (Kuravur/Karur),FALSE,
70th,2024-12-13,main,E,112,Science & Technology,Physics,simple_mcq,4,,,,FALSE,FALSE,A,provisional,easy,FALSE,,,NCERT-level,Which has a highly elongated elliptical orbit (Comet),FALSE,
70th,2024-12-13,main,E,113,Polity,Constitutional provisions,simple_mcq,4,,,,FALSE,FALSE,B,provisional,medium,TRUE,could be Modern History,,specialized reference,Which was NOT a feature of GoI Act 1935,FALSE,
70th,2024-12-13,main,E,114,Bihar-Specific,Economy,simple_mcq,4,,,,FALSE,FALSE,C,provisional,medium,FALSE,,,specialized reference,Contribution of agriculture in Bihar's GDP (19%),FALSE,
70th,2024-12-13,main,E,115,Bihar-Specific,Recent Developments,simple_mcq,4,,,,FALSE,FALSE,A,provisional,medium,FALSE,,9,current_affairs,Who presented the Bihar Budget 2024-25 (Vijay Kumar Choudhary),FALSE,
70th,2024-12-13,main,E,116,Science & Technology,Biology,simple_mcq,4,,,,FALSE,FALSE,D,provisional,easy,FALSE,,,NCERT-level,Part of alimentary canal receiving bile from liver (Small intestine),FALSE,
70th,2024-12-13,main,E,117,Economy,Macroeconomic concepts,simple_mcq,4,,,,FALSE,FALSE,B,provisional,hard,FALSE,,,current_affairs,RBI forecast for headline inflation FY2025 (5.0%),TRUE,RBI headline inflation forecast figure in key does not match publicly reported RBI projections for the period.
70th,2024-12-13,main,E,118,Current Affairs,International,simple_mcq,4,,,,FALSE,FALSE,A,provisional,easy,FALSE,,11,current_affairs,"Country that took over BRICS chairmanship Jan 1, 2024 (Russia)",FALSE,
70th,2024-12-13,main,E,119,History,Modern,match_the_following,4,,4,,FALSE,FALSE,D,provisional,hard,FALSE,,,specialized reference,"Match newspaper with editor (Free Hindustan, Indian Opinion, Voice of India, Bengalee)",FALSE,
70th,2024-12-13,main,E,120,Bihar-Specific,History & Culture,simple_mcq,4,,,,FALSE,FALSE,A,provisional,medium,FALSE,,,specialized reference,When the new province Bihar came into force under British rule (April 1912),FALSE,
70th,2024-12-13,main,E,121,Reasoning & Aptitude,Quantitative/Numerical,reasoning_aptitude,4,,,,FALSE,FALSE,D,provisional,medium,FALSE,,,specialized reference,How many times clock hands coincide in a day (22),FALSE,
70th,2024-12-13,main,E,122,Science & Technology,Physics,simple_mcq,4,,,,FALSE,FALSE,A,provisional,easy,FALSE,,,NCERT-level,Which is a non-contact force (Magnetic force),FALSE,
70th,2024-12-13,main,E,123,Current Affairs,International,simple_mcq,4,,,,FALSE,FALSE,B,provisional,medium,FALSE,,6,current_affairs,Where JIMEX-24 (Japan-India Maritime Exercise) was held (Vishakhapatnam),FALSE,
70th,2024-12-13,main,E,124,Economy,Banking & finance,simple_mcq,4,,,,FALSE,FALSE,C,provisional,medium,FALSE,,,specialized reference,Full form of CGTMSE (Micro and Small Enterprises),FALSE,
70th,2024-12-13,main,E,125,History,Ancient,statement_based,4,4,,"a, b and d",FALSE,FALSE,D,provisional,hard,FALSE,,,specialized reference,Ajivika sect statements — which correct,FALSE,
70th,2024-12-13,main,E,126,Bihar-Specific,Geography,simple_mcq,4,,,,FALSE,FALSE,B,provisional,medium,FALSE,,,specialized reference,Which drainage system drains the lands of Bihar (Ghagra),FALSE,
70th,2024-12-13,main,E,127,Bihar-Specific,Economy,simple_mcq,4,,,,FALSE,FALSE,B,provisional,hard,FALSE,,,specialized reference,"Per Capita NSDP (current prices) for Bihar FY2022-23 (Rs 54,111)",FALSE,
70th,2024-12-13,main,E,128,Current Affairs,Awards & Appointments,simple_mcq,4,,,,FALSE,FALSE,B,provisional,easy,FALSE,,7,current_affairs,Payal Kapadia's Cannes Grand Prix 2024 film (All We Imagine as Light),FALSE,
70th,2024-12-13,main,E,129,Environment & Ecology,Climate & Pollution,simple_mcq,4,,,,FALSE,FALSE,B,provisional,easy,FALSE,,,NCERT-level,Major cause of air pollution (provisional key: Disposal of plastics),TRUE,Key's 'major cause of air pollution' answer (disposal of plastics) is inconsistent with standard science; vehicular/industrial emissions are the conventionally cited major cause.
70th,2024-12-13,main,E,130,Reasoning & Aptitude,Quantitative/Numerical,reasoning_aptitude,4,,,,FALSE,FALSE,B,provisional,medium,FALSE,,,specialized reference,Figure/number pattern — value of ? (22),FALSE,
70th,2024-12-13,main,E,131,History,Modern,match_the_following,4,,4,,FALSE,FALSE,A,provisional,hard,FALSE,,,specialized reference,"Match revolutionary org with HQ (Swadeshi Sevak Home, United India House, Yugantar Ashram, INA)",FALSE,
70th,2024-12-13,main,E,132,Science & Technology,Physics,simple_mcq,4,,,,FALSE,FALSE,D,provisional,easy,FALSE,,,NCERT-level,Resistance of a wire formula (R=V/I),FALSE,
70th,2024-12-13,main,E,133,Bihar-Specific,History & Culture,simple_mcq,4,,,,FALSE,FALSE,A,provisional,easy,FALSE,,,specialized reference,Takht Sri Harimandir Ji Patna Sahib located at (Patna),FALSE,
70th,2024-12-13,main,E,134,Current Affairs,Sports,simple_mcq,4,,,,FALSE,FALSE,C,provisional,medium,FALSE,,6,current_affairs,"Theme of International Olympic Day 2024 (Together, For a Peaceful World)",FALSE,
70th,2024-12-13,main,E,135,Current Affairs,Awards & Appointments,simple_mcq,4,,,,FALSE,FALSE,C,provisional,medium,FALSE,,5,current_affairs,Union Textiles Minister after 18th Lok Sabha (provisional key: G.S. Shekhawat),TRUE,Key names a Union Textiles Minister that does not match the publicly reported holder of that post after the 18th Lok Sabha.
70th,2024-12-13,main,E,136,Geography,Economic,simple_mcq,4,,,,FALSE,FALSE,A,provisional,medium,FALSE,,,NCERT-level,Mineral in Minas Gerais province of Brazil (Iron ore),FALSE,
70th,2024-12-13,main,E,137,Current Affairs,International,simple_mcq,4,,,,FALSE,FALSE,D,provisional,medium,FALSE,,8,current_affairs,Sheikh Ahmad al-Sabah appointed PM of which country Apr 2024 (Kuwait),FALSE,
70th,2024-12-13,main,E,138,Bihar-Specific,Economy,simple_mcq,4,,,,FALSE,FALSE,C,provisional,medium,FALSE,,,specialized reference,Sector with highest allocation in Bihar Budget 2024-25 (Education),FALSE,
70th,2024-12-13,main,E,139,Polity,Constitutional provisions,simple_mcq,4,,,,FALSE,FALSE,B,provisional,medium,FALSE,,,NCERT-level,Amendment that abolished Anglo-Indian reserved seats (provisional key: 108th),TRUE,"Key says 108th Amendment abolished Anglo-Indian reserved seats; this was actually the 104th Constitutional Amendment Act, 2019."
70th,2024-12-13,main,E,140,Science & Technology,Physics,simple_mcq,4,,,,FALSE,FALSE,A,provisional,medium,FALSE,,,NCERT-level,Value of the solar constant (1.4 kW/m2),FALSE,
70th,2024-12-13,main,E,141,Economy,Banking & finance,simple_mcq,4,,,,FALSE,FALSE,B,provisional,hard,FALSE,,,current_affairs,RBI criterion for SFB to become Universal Bank (provisional key: Rs 500 cr),TRUE,Key's RBI net-worth criterion for SFB-to-Universal-Bank conversion does not match RBI's publicly stated threshold.
70th,2024-12-13,main,E,142,Science & Technology,Biology,simple_mcq,4,,,,FALSE,FALSE,D,provisional,easy,FALSE,,,NCERT-level,Breaking down organic matter by microorganisms (Decomposition),FALSE,
70th,2024-12-13,main,E,143,Bihar-Specific,History & Culture,simple_mcq,4,,,,FALSE,FALSE,B,provisional,hard,FALSE,,,specialized reference,First Hindi daily newspaper published in Bihar (Kshatriya Samachar),FALSE,
70th,2024-12-13,main,E,144,Current Affairs,International,simple_mcq,4,,,,FALSE,FALSE,D,provisional,medium,FALSE,,5,current_affairs,Where Ismail Haniyeh was assassinated 31 Jul 2024 (Iran),FALSE,
70th,2024-12-13,main,E,145,Geography,Economic,simple_mcq,4,,,,FALSE,FALSE,A,provisional,medium,FALSE,,,current_affairs,Zoji-la Tunnel connects (Srinagar and Leh),FALSE,
70th,2024-12-13,main,E,146,History,Ancient,statement_based,4,4,,More than one of the above,FALSE,FALSE,D,provisional,hard,FALSE,,,specialized reference,Land types per Amarkosha — which correct,FALSE,
70th,2024-12-13,main,E,147,Current Affairs,Awards & Appointments,simple_mcq,4,,,,FALSE,FALSE,C,provisional,hard,FALSE,,7,current_affairs,Profession of Arti (Amal Clooney Women's Empowerment Award 2024) (ASHA worker),FALSE,
70th,2024-12-13,main,E,148,Economy,Five-year plans & policy,simple_mcq,4,,,,FALSE,FALSE,C,provisional,hard,TRUE,could be Current Affairs,,current_affairs,NOT a Budget priority for 'Viksit Bharat' 2024-25 (Sustainable Development),FALSE,
70th,2024-12-13,main,E,149,Science & Technology,Physics,simple_mcq,4,,,,FALSE,FALSE,C,provisional,medium,FALSE,,,NCERT-level,Which is equivalent to tesla (Newton per ampere-metre),FALSE,
70th,2024-12-13,main,E,150,Current Affairs,National,simple_mcq,4,,,,FALSE,FALSE,B,provisional,medium,FALSE,,6,current_affairs,Constituency of new Odisha CM Mohan Charan Majhi (provisional key: Laikera),TRUE,Key's constituency for Odisha CM Mohan Charan Majhi does not match his publicly reported constituency (Keonjhar).
70th-reexam,2025-01-04,re-exam,I,1,History,Ancient,simple_mcq,4,,,,FALSE,FALSE,B,provisional,easy,FALSE,,,NCERT-level,Oldest civilization in the world (Mesopotamia),FALSE,
70th-reexam,2025-01-04,re-exam,I,2,Science & Technology,Chemistry,simple_mcq,4,,,,FALSE,FALSE,A,provisional,medium,FALSE,,,NCERT-level,Condition for two liquids to form an ideal solution (enthalpy of mixing zero),FALSE,
70th-reexam,2025-01-04,re-exam,I,3,Reasoning & Aptitude,Quantitative/Numerical,reasoning_aptitude,4,,,,FALSE,FALSE,A,provisional,medium,FALSE,,,specialized reference,"Number series 117, 98, 80, 64, ?, 42 (51)",FALSE,
70th-reexam,2025-01-04,re-exam,I,4,Bihar-Specific,History & Culture,simple_mcq,4,,,,FALSE,FALSE,C,provisional,hard,FALSE,,,specialized reference,First elected Chairman of Bihar Legislative Council under GoI Act 1935 (Rajiv Ranjan Sinha),FALSE,
70th-reexam,2025-01-04,re-exam,I,5,Geography,Physical,simple_mcq,4,,,,FALSE,FALSE,B,provisional,hard,FALSE,,,specialized reference,River pair cutting Tropic of Cancer twice over Chhota Nagpur (North Koel-Suwarnarekha),FALSE,
70th-reexam,2025-01-04,re-exam,I,6,Economy,Macroeconomic concepts,simple_mcq,4,,,,FALSE,FALSE,D,provisional,medium,FALSE,,,NCERT-level,Sector that benefitted most from Globalization (Services),FALSE,
70th-reexam,2025-01-04,re-exam,I,7,Science & Technology,Biology,simple_mcq,4,,,,FALSE,FALSE,C,provisional,medium,FALSE,,,NCERT-level,Antibodies produced against vaccine antigens (by only B cells),FALSE,
70th-reexam,2025-01-04,re-exam,I,8,Polity,Constitutional provisions,simple_mcq,4,,,,FALSE,FALSE,C,provisional,medium,FALSE,,,NCERT-level,SC power to decide Centre-State disputes (Original jurisdiction),FALSE,
70th-reexam,2025-01-04,re-exam,I,9,History,Modern,simple_mcq,4,,,,FALSE,FALSE,B,provisional,hard,FALSE,,,specialized reference,Newspaper that called INC 'nucleus of future Parliament' (The Indian Mirror),FALSE,
70th-reexam,2025-01-04,re-exam,I,10,Reasoning & Aptitude,Logical/Verbal,reasoning_aptitude,4,,,,FALSE,FALSE,D,provisional,medium,FALSE,,,specialized reference,Count triangles in the figure (12),FALSE,
70th-reexam,2025-01-04,re-exam,I,11,Geography,Physical,simple_mcq,4,,,,FALSE,FALSE,A,provisional,medium,FALSE,,,specialized reference,State with the longest boundary with Madhya Pradesh (Uttar Pradesh),FALSE,
70th-reexam,2025-01-04,re-exam,I,12,History,Modern,simple_mcq,4,,,,FALSE,FALSE,B,provisional,easy,TRUE,Champaran is in Bihar,,NCERT-level,Who led the Champaran Satyagraha 1917 (Mahatma Gandhi),FALSE,
70th-reexam,2025-01-04,re-exam,I,13,Geography,Physical,simple_mcq,4,,,,FALSE,FALSE,Deleted,provisional,easy,FALSE,,,NCERT-level,Tropic of Cancer passes through which State (Deleted),FALSE,
70th-reexam,2025-01-04,re-exam,I,14,Current Affairs,Awards & Appointments,simple_mcq,4,,,,FALSE,FALSE,C,provisional,easy,FALSE,,11,current_affairs,Bharat Ratna 2024 recipient (M.S. Swaminathan),FALSE,
70th-reexam,2025-01-04,re-exam,I,15,Science & Technology,Physics,simple_mcq,4,,,,TRUE,TRUE,D,provisional,medium,FALSE,,,NCERT-level,X-rays can be deflected by (None of the above),FALSE,
70th-reexam,2025-01-04,re-exam,I,16,Environment & Ecology,Conservation & Policy,statement_based,4,4,,1 and 4 only,FALSE,FALSE,D,provisional,easy,FALSE,,,NCERT-level,"Renewable Energy means (solar, wind)",FALSE,
70th-reexam,2025-01-04,re-exam,I,17,Bihar-Specific,Polity & Governance,simple_mcq,4,,,,FALSE,FALSE,B,provisional,medium,FALSE,,,specialized reference,Act converting Bihar to bicameral legislature (GoI Act 1919),FALSE,
70th-reexam,2025-01-04,re-exam,I,18,Geography,World,simple_mcq,4,,,,FALSE,FALSE,D,provisional,hard,FALSE,,,specialized reference,Oldest mountain of South America (Pacaraima),FALSE,
70th-reexam,2025-01-04,re-exam,I,19,Polity,Constitutional provisions,statement_based,4,4,,"1, 2 and 3",FALSE,FALSE,B,provisional,hard,FALSE,,,NCERT-level,Amendments needing ratification by >=half states,FALSE,
70th-reexam,2025-01-04,re-exam,I,20,History,Modern,simple_mcq,4,,,,FALSE,FALSE,C,provisional,medium,FALSE,,,NCERT-level,State NOT annexed under Doctrine of Lapse (Jaipur),FALSE,
70th-reexam,2025-01-04,re-exam,I,21,Bihar-Specific,Geography,simple_mcq,4,,,,FALSE,FALSE,A,provisional,medium,FALSE,,,specialized reference,Bihar district with maximum wheat production (Rohtas),FALSE,
70th-reexam,2025-01-04,re-exam,I,22,Current Affairs,Sports,simple_mcq,4,,,,FALSE,FALSE,A,provisional,easy,TRUE,static GK,,specialized reference,Most popular field game in the world (Soccer),FALSE,
70th-reexam,2025-01-04,re-exam,I,23,History,Modern,simple_mcq,4,,,,FALSE,FALSE,D,provisional,medium,FALSE,,,NCERT-level,Author of 'Poverty and Un-British Rule in India' 1901 (Dadabhai Naoroji),FALSE,
70th-reexam,2025-01-04,re-exam,I,24,History,Modern,simple_mcq,4,,,,FALSE,FALSE,B,provisional,medium,FALSE,,,specialized reference,"Fort William College Calcutta established (1800, civil servants in Indian languages)",FALSE,
70th-reexam,2025-01-04,re-exam,I,25,History,Ancient,simple_mcq,4,,,,FALSE,FALSE,D,provisional,easy,FALSE,,,NCERT-level,Script on Ashoka's Pillars (Brahmi),FALSE,
70th-reexam,2025-01-04,re-exam,I,26,Science & Technology,Chemistry,simple_mcq,4,,,,FALSE,FALSE,A,provisional,medium,FALSE,,,NCERT-level,Catalyst in hydrogenation of vegetable oil (Ni),FALSE,
70th-reexam,2025-01-04,re-exam,I,27,Geography,Economic,simple_mcq,4,,,,FALSE,FALSE,C,provisional,medium,FALSE,,,NCERT-level,Grey revolution is related to (Fertilizers),FALSE,
70th-reexam,2025-01-04,re-exam,I,28,Polity,Constitutional provisions,simple_mcq,4,,,,FALSE,FALSE,B,provisional,easy,FALSE,,,NCERT-level,Article dealing with proclamation of Emergency (352),FALSE,
70th-reexam,2025-01-04,re-exam,I,29,Bihar-Specific,History & Culture,simple_mcq,4,,,,FALSE,FALSE,C,provisional,medium,FALSE,,,specialized reference,Sufi Silsilah founded in Bihar (Firdousia),FALSE,
70th-reexam,2025-01-04,re-exam,I,30,Current Affairs,International,simple_mcq,4,,,,FALSE,FALSE,B,provisional,easy,FALSE,,,specialized reference,Which country is NOT a member of G7 (Russia),FALSE,
70th-reexam,2025-01-04,re-exam,I,31,Science & Technology,Biology,simple_mcq,4,,,,FALSE,FALSE,A,provisional,medium,FALSE,,,NCERT-level,Site of dark reaction in photosynthesis (Stroma),FALSE,
70th-reexam,2025-01-04,re-exam,I,32,Reasoning & Aptitude,Logical/Verbal,reasoning_aptitude,4,,,,FALSE,FALSE,B,provisional,medium,FALSE,,,specialized reference,Direction-distance: Raj X to Y (30 metres),FALSE,
70th-reexam,2025-01-04,re-exam,I,33,History,Ancient,simple_mcq,4,,,,FALSE,FALSE,C,provisional,medium,FALSE,,,specialized reference,Deogarh temple + Garhwa sculptures are remains of (Gupta art),FALSE,
70th-reexam,2025-01-04,re-exam,I,34,Bihar-Specific,Geography,simple_mcq,4,,,,FALSE,FALSE,A,provisional,medium,FALSE,,,specialized reference,Bihar produces 71% of India's annual production of (Lychee),FALSE,
70th-reexam,2025-01-04,re-exam,I,35,Current Affairs,International,simple_mcq,4,,,,FALSE,FALSE,B,provisional,easy,FALSE,,16,current_affairs,City where G20 Summit 2023 held in India (New Delhi),FALSE,
70th-reexam,2025-01-04,re-exam,I,36,Science & Technology,Physics,simple_mcq,4,,,,FALSE,FALSE,C,provisional,medium,FALSE,,,NCERT-level,Why moon has no atmosphere (escape velocity < rms velocity),FALSE,
70th-reexam,2025-01-04,re-exam,I,37,History,Ancient,simple_mcq,4,,,,FALSE,FALSE,B,provisional,easy,FALSE,,,NCERT-level,Founder of the Maurya Empire (Chandragupta Maurya),FALSE,
70th-reexam,2025-01-04,re-exam,I,38,History,Ancient,simple_mcq,4,,,,FALSE,FALSE,D,provisional,medium,FALSE,,,NCERT-level,NOT a famous Buddhist learning centre in Ancient India (Nagpur),FALSE,
70th-reexam,2025-01-04,re-exam,I,39,Current Affairs,International,simple_mcq,4,,,,FALSE,FALSE,B,provisional,easy,FALSE,,23,current_affairs,Country that hosted 2023 World Economic Forum meeting (Switzerland),FALSE,
70th-reexam,2025-01-04,re-exam,I,40,Science & Technology,Biology,simple_mcq,4,,,,TRUE,TRUE,D,provisional,medium,FALSE,,,NCERT-level,Which vitamins are water soluble (None of these),FALSE,
70th-reexam,2025-01-04,re-exam,I,41,History,Modern,simple_mcq,4,,,,FALSE,FALSE,B,provisional,medium,FALSE,,,specialized reference,INC President after Bose resigned 1939 (provisional key: Abul Kalam Azad),TRUE,Key says Abul Kalam Azad became INC President after Bose resigned in 1939; Rajendra Prasad is the widely reported successor.
70th-reexam,2025-01-04,re-exam,I,42,Reasoning & Aptitude,Quantitative/Numerical,reasoning_aptitude,4,,,,FALSE,FALSE,B,provisional,medium,FALSE,,,specialized reference,Clock: hands together between 2 and 3 (10 10/11 past 2),FALSE,
70th-reexam,2025-01-04,re-exam,I,43,Polity,Constitutional provisions,simple_mcq,4,,,,FALSE,FALSE,B,provisional,medium,FALSE,,,NCERT-level,Amendment deciding max State Council of Ministers strength (91st),FALSE,
70th-reexam,2025-01-04,re-exam,I,44,Science & Technology,Biology,simple_mcq,4,,,,FALSE,FALSE,A,provisional,medium,FALSE,,,NCERT-level,Anopheles mosquito also a vector of (Encephalitis and Filariasis),FALSE,
70th-reexam,2025-01-04,re-exam,I,45,Current Affairs,International,simple_mcq,4,,,,FALSE,FALSE,B,provisional,easy,FALSE,,33,current_affairs,Re-elected President of France 2022 (Emmanuel Macron),FALSE,
70th-reexam,2025-01-04,re-exam,I,46,Economy,Five-year plans & policy,simple_mcq,4,,,,FALSE,FALSE,B,provisional,medium,FALSE,,,NCERT-level,Correct pair: First Five-Year Plan - Focus on Agriculture,FALSE,
70th-reexam,2025-01-04,re-exam,I,47,Geography,World,simple_mcq,4,,,,FALSE,FALSE,A,provisional,hard,FALSE,,,specialized reference,Mountain range along Mediterranean Coast of Asia Minor (Taurus),FALSE,
70th-reexam,2025-01-04,re-exam,I,48,Current Affairs,Sports,simple_mcq,4,,,,FALSE,FALSE,A,provisional,medium,FALSE,,,current_affairs,Country to host 20th Asian Games 2026 (Japan),FALSE,
70th-reexam,2025-01-04,re-exam,I,49,Current Affairs,Sports,simple_mcq,4,,,,FALSE,FALSE,D,provisional,easy,FALSE,,35,current_affairs,Country that hosted 2022 Winter Olympics (China),FALSE,
70th-reexam,2025-01-04,re-exam,I,50,Science & Technology,Biology,simple_mcq,4,,,,FALSE,FALSE,D,provisional,easy,FALSE,,,NCERT-level,Turmeric powder obtained from which part (Dried root),FALSE,
70th-reexam,2025-01-04,re-exam,I,51,History,Modern,simple_mcq,4,,,,FALSE,FALSE,B,provisional,medium,FALSE,,,specialized reference,Viceroy who decentralized colonial economic structure (Mayo),FALSE,
70th-reexam,2025-01-04,re-exam,I,52,Geography,World,simple_mcq,4,,,,FALSE,FALSE,C,provisional,easy,FALSE,,,NCERT-level,'Playground of Europe' (Switzerland),FALSE,
70th-reexam,2025-01-04,re-exam,I,53,History,Modern,simple_mcq,4,,,,FALSE,FALSE,A,provisional,medium,FALSE,,,NCERT-level,Where did the revolt of Birsa Munda take place (Ranchi),FALSE,
70th-reexam,2025-01-04,re-exam,I,54,Current Affairs,National,simple_mcq,4,,,,FALSE,FALSE,B,provisional,medium,TRUE,could be Economy,,current_affairs,First Indian company to cross USD 200bn market cap 2023 (Reliance),FALSE,
70th-reexam,2025-01-04,re-exam,I,55,Science & Technology,Physics,simple_mcq,4,,,,FALSE,FALSE,A,provisional,medium,FALSE,,,NCERT-level,Reactance of a capacitor (inversely proportional to frequency),FALSE,
70th-reexam,2025-01-04,re-exam,I,56,Economy,Five-year plans & policy,simple_mcq,4,,,,FALSE,FALSE,C,provisional,easy,FALSE,,,NCERT-level,Max land an individual farmer can hold (Land ceiling),FALSE,
70th-reexam,2025-01-04,re-exam,I,57,History,Modern,simple_mcq,4,,,,FALSE,FALSE,D,provisional,medium,FALSE,,,specialized reference,The Vernacular Press Act allowed (More than one of the above),FALSE,
70th-reexam,2025-01-04,re-exam,I,58,Bihar-Specific,Geography,simple_mcq,4,,,,FALSE,FALSE,C,provisional,hard,FALSE,,,specialized reference,Average height of Kosi Plain from MSL (30 m),FALSE,
70th-reexam,2025-01-04,re-exam,I,59,Polity,Constitutional provisions,simple_mcq,4,,,,FALSE,FALSE,B,provisional,easy,FALSE,,,NCERT-level,Chairperson of the GST Council (Union Finance Minister),FALSE,
70th-reexam,2025-01-04,re-exam,I,60,Bihar-Specific,History & Culture,simple_mcq,4,,,,TRUE,TRUE,D,provisional,medium,FALSE,,,specialized reference,When was Bihar State formed (None of the above),FALSE,
70th-reexam,2025-01-04,re-exam,I,61,Science & Technology,Chemistry,simple_mcq,4,,,,FALSE,FALSE,D,provisional,medium,FALSE,,,NCERT-level,Sour taste of vinegar due to (provisional key: Citric acid),TRUE,Key attributes vinegar's sour taste to citric acid; acetic acid is the standard textbook answer.
70th-reexam,2025-01-04,re-exam,I,62,History,Medieval,simple_mcq,4,,,,FALSE,FALSE,B,provisional,medium,FALSE,,,specialized reference,'Muqaddam/Chaudhuri' in Delhi Sultanate used for (Village headmen),FALSE,
70th-reexam,2025-01-04,re-exam,I,63,Current Affairs,Awards & Appointments,simple_mcq,4,,,,FALSE,FALSE,A,provisional,medium,FALSE,,15,current_affairs,Nobel Peace Prize 2023 winner (Narges Mohammadi),FALSE,
70th-reexam,2025-01-04,re-exam,I,64,History,Medieval,simple_mcq,4,,,,FALSE,FALSE,D,provisional,hard,FALSE,,,specialized reference,'Tarikh-i-Firuz Shahi' written by (provisional key: Minhaj Siraj),TRUE,"Key attributes 'Tarikh-i-Firuz Shahi' to Minhaj Siraj; this work is standardly attributed to Ziauddin Barani (Minhaj-us-Siraj wrote Tabaqat-i-Nasiri, a different text)."
70th-reexam,2025-01-04,re-exam,I,65,Geography,World,simple_mcq,4,,,,FALSE,FALSE,C,provisional,easy,TRUE,odd-one-out — Reasoning element,,NCERT-level,Odd pair among deserts (Kalahari:America),FALSE,
70th-reexam,2025-01-04,re-exam,I,66,Science & Technology,Chemistry,simple_mcq,4,,,,TRUE,TRUE,A,provisional,medium,FALSE,,,specialized reference,How is Hydrogen stored physically (None of the above),FALSE,
70th-reexam,2025-01-04,re-exam,I,67,History,Modern,simple_mcq,4,,,,FALSE,FALSE,A,provisional,medium,TRUE,Rajendra Prasad — Bihar figure,,specialized reference,Portfolio Rajendra Prasad held in interim govt 1946 (Food and agriculture),FALSE,
70th-reexam,2025-01-04,re-exam,I,68,Geography,Economic,simple_mcq,4,,,,FALSE,FALSE,B,provisional,hard,TRUE,Barauni is in Bihar,,specialized reference,Oil refinery with maximum capacity in India (provisional key: Barauni),TRUE,Key names Barauni as India's highest-capacity oil refinery; publicly reported capacity rankings place other refineries (e.g. Jamnagar) well above it.
70th-reexam,2025-01-04,re-exam,I,69,Polity,Panchayati Raj & local governance,simple_mcq,4,,,,FALSE,FALSE,D,provisional,easy,FALSE,,,NCERT-level,System of governance in Panchayat Raj (three-tier),FALSE,
70th-reexam,2025-01-04,re-exam,I,70,Science & Technology,Biology,simple_mcq,4,,,,TRUE,TRUE,D,provisional,medium,FALSE,,,NCERT-level,Blood group of an individual determined by (None of the above),FALSE,
70th-reexam,2025-01-04,re-exam,I,71,Current Affairs,Sports,simple_mcq,4,,,,FALSE,FALSE,B,provisional,medium,FALSE,,5,current_affairs,Game NOT included in 33rd Olympic (Cricket),FALSE,
70th-reexam,2025-01-04,re-exam,I,72,Geography,Physical,simple_mcq,4,,,,FALSE,FALSE,B,provisional,easy,FALSE,,,NCERT-level,'Scotland of North-East India' (Meghalaya),FALSE,
70th-reexam,2025-01-04,re-exam,I,73,Polity,Constitutional provisions,simple_mcq,4,,,,FALSE,FALSE,B,provisional,easy,FALSE,,,NCERT-level,Schedule with Anti-defection Act provisions (Tenth),FALSE,
70th-reexam,2025-01-04,re-exam,I,74,Science & Technology,Tech & Innovation,simple_mcq,4,,,,FALSE,FALSE,B,provisional,medium,FALSE,,,specialized reference,First 3D-printed humanoid robot in India (Manav),FALSE,
70th-reexam,2025-01-04,re-exam,I,75,Polity,Constitutional provisions,simple_mcq,4,,,,FALSE,FALSE,A,provisional,medium,FALSE,,,NCERT-level,Article for Annual Financial Statement before Parliament (112),FALSE,
70th-reexam,2025-01-04,re-exam,I,76,Bihar-Specific,Economy,simple_mcq,4,,,,FALSE,FALSE,D,provisional,medium,FALSE,,,specialized reference,60.2% share in Bihar GSDP 2019-20 was of (Service Sector),FALSE,
70th-reexam,2025-01-04,re-exam,I,77,Bihar-Specific,Geography,simple_mcq,4,,,,FALSE,FALSE,A,provisional,easy,FALSE,,,specialized reference,Bihar district with maximum Lichi production (Muzaffarpur),FALSE,
70th-reexam,2025-01-04,re-exam,I,78,Bihar-Specific,Geography,simple_mcq,4,,,,FALSE,FALSE,A,provisional,easy,FALSE,,,specialized reference,River known as 'Sorrow of Bihar' (provisional key: Son),TRUE,Key says the Son river is 'Sorrow of Bihar'; this epithet is conventionally applied to the Kosi river.
70th-reexam,2025-01-04,re-exam,I,79,Geography,Physical,simple_mcq,4,,,,FALSE,FALSE,Deleted,provisional,medium,FALSE,,,specialized reference,Average height of snow-line in Uttar Pradesh (Deleted),FALSE,
70th-reexam,2025-01-04,re-exam,I,80,Science & Technology,Biology,simple_mcq,4,,,,FALSE,FALSE,A,provisional,easy,FALSE,,,NCERT-level,Ishihara test is related with (Colour blindness),FALSE,
70th-reexam,2025-01-04,re-exam,I,81,History,Modern,simple_mcq,4,,,,FALSE,FALSE,D,provisional,medium,FALSE,,,specialized reference,Who is NOT associated with Azad Hind Fauj (S.A. Dange),FALSE,
70th-reexam,2025-01-04,re-exam,I,82,Economy,Macroeconomic concepts,simple_mcq,4,,,,FALSE,FALSE,B,provisional,medium,FALSE,,,NCERT-level,What is Infant Mortality Rate (die before age 1 per 1000),FALSE,
70th-reexam,2025-01-04,re-exam,I,83,Geography,World,simple_mcq,4,,,,FALSE,FALSE,B,provisional,hard,FALSE,,,specialized reference,Longitude separating Canada and Alaska (141 W),FALSE,
70th-reexam,2025-01-04,re-exam,I,84,History,Modern,match_the_following,4,,4,,FALSE,FALSE,A,provisional,hard,FALSE,,,specialized reference,"Match authors with books on 1857 (Savarkar, S.N. Sen, Eric Stokes, S.B. Chaudhuri)",FALSE,
70th-reexam,2025-01-04,re-exam,I,85,History,Modern,match_the_following,4,,4,,FALSE,FALSE,C,provisional,medium,FALSE,,,NCERT-level,"Match social reformers with societies (Brahmo Samaj, Ramkrishna Mission, Servants of India, Vidhwa Vivah Samaj)",FALSE,
70th-reexam,2025-01-04,re-exam,I,86,Science & Technology,Tech & Innovation,simple_mcq,4,,,,FALSE,FALSE,A,provisional,medium,FALSE,,,NCERT-level,Fibre used in bullet-proof helmets/jackets (Kevlar),FALSE,
70th-reexam,2025-01-04,re-exam,I,87,Polity,Constitutional provisions,simple_mcq,4,,,,FALSE,FALSE,D,provisional,medium,FALSE,,,NCERT-level,Speaker of Lok Sabha voting right (only in case of a tie),FALSE,
70th-reexam,2025-01-04,re-exam,I,88,History,Medieval,simple_mcq,4,,,,FALSE,FALSE,A,provisional,hard,FALSE,,,specialized reference,Term 'Zillillah' first used by (Alauddin Khilji),FALSE,
70th-reexam,2025-01-04,re-exam,I,89,Economy,Banking & finance,simple_mcq,4,,,,FALSE,FALSE,A,provisional,easy,FALSE,,,NCERT-level,Ratio of deposits banks must keep with RBI (Cash Reserve Ratio),FALSE,
70th-reexam,2025-01-04,re-exam,I,90,Science & Technology,Physics,simple_mcq,4,,,,FALSE,FALSE,D,provisional,medium,FALSE,,,NCERT-level,Final energy of electron through potential difference V (eV),FALSE,
70th-reexam,2025-01-04,re-exam,I,91,Current Affairs,Schemes & Indices,simple_mcq,4,,,,FALSE,FALSE,Deleted,provisional,medium,FALSE,,,current_affairs,Indian State with highest literacy rate per 2023 census (Kerala),FALSE,
70th-reexam,2025-01-04,re-exam,I,92,History,Ancient,simple_mcq,4,,,,FALSE,FALSE,C,provisional,hard,FALSE,,,specialized reference,NOT associated with Chandragupta Maurya (Junagadh inscription of Rudradaman),FALSE,
70th-reexam,2025-01-04,re-exam,I,93,Current Affairs,Schemes & Indices,simple_mcq,4,,,,FALSE,FALSE,B,provisional,medium,FALSE,,15,current_affairs,State that topped NITI Aayog SDG India Index 2023 (Kerala),FALSE,
70th-reexam,2025-01-04,re-exam,I,94,Science & Technology,Biology,simple_mcq,4,,,,FALSE,FALSE,B,provisional,easy,FALSE,,,NCERT-level,Buds are typically found (both base of leaves and tip of branches),FALSE,
70th-reexam,2025-01-04,re-exam,I,95,Polity,Constitutional provisions,simple_mcq,4,,,,FALSE,FALSE,C,provisional,hard,FALSE,,,NCERT-level,Electoral college for President but not impeachment forum (State Legislative Assemblies),FALSE,
70th-reexam,2025-01-04,re-exam,I,96,Bihar-Specific,Geography,simple_mcq,4,,,,FALSE,FALSE,B,provisional,medium,FALSE,,,specialized reference,Amarkantak source of Son river situated at (Maikal range),FALSE,
70th-reexam,2025-01-04,re-exam,I,97,Reasoning & Aptitude,Logical/Verbal,reasoning_aptitude,4,,,,FALSE,FALSE,D,provisional,medium,FALSE,,,specialized reference,Coding-decoding: CIRCLE:RICELC :: SQUARE:? (AREUQS),FALSE,
70th-reexam,2025-01-04,re-exam,I,98,Science & Technology,Chemistry,simple_mcq,4,,,,FALSE,FALSE,B,provisional,hard,FALSE,,,specialized reference,Which is NOT an electrophile (Na+),FALSE,
70th-reexam,2025-01-04,re-exam,I,99,Polity,Constitutional provisions,simple_mcq,4,,,,FALSE,FALSE,B,provisional,medium,FALSE,,,NCERT-level,Parliament law for International treaties (without consent of any State),FALSE,
70th-reexam,2025-01-04,re-exam,I,100,Bihar-Specific,Geography,simple_mcq,4,,,,FALSE,FALSE,D,provisional,medium,FALSE,,,specialized reference,Bihar district with maximum Maize production (Saran),FALSE,
70th-reexam,2025-01-04,re-exam,I,101,Science & Technology,Biology,simple_mcq,4,,,,FALSE,FALSE,A,provisional,medium,FALSE,,,NCERT-level,Quinine obtained from which part of plant (Stem bark),FALSE,
70th-reexam,2025-01-04,re-exam,I,102,History,Modern,simple_mcq,4,,,,FALSE,FALSE,C,provisional,medium,FALSE,,,specialized reference,First Muslim President of INC (Badruddin Taiyabji),FALSE,
70th-reexam,2025-01-04,re-exam,I,103,Geography,Physical,simple_mcq,4,,,,FALSE,FALSE,A,provisional,medium,FALSE,,,NCERT-level,Kashmir Valley is which type of valley (Tectonic),FALSE,
70th-reexam,2025-01-04,re-exam,I,104,History,Modern,simple_mcq,4,,,,FALSE,FALSE,A,provisional,medium,FALSE,,,specialized reference,When Macaulay issued famous minute on Indian Education (02 Feb 1835),FALSE,
70th-reexam,2025-01-04,re-exam,I,105,Reasoning & Aptitude,Quantitative/Numerical,reasoning_aptitude,4,,,,FALSE,FALSE,D,provisional,medium,FALSE,,,specialized reference,Calendar: Jan 1 2008 Tue -> day on Jan 1 2009 (Thursday),FALSE,
70th-reexam,2025-01-04,re-exam,I,106,Science & Technology,Chemistry,simple_mcq,4,,,,FALSE,FALSE,B,provisional,medium,FALSE,,,NCERT-level,Conductivity of a strong electrolyte on dilution (decreases),FALSE,
70th-reexam,2025-01-04,re-exam,I,107,History,Modern,simple_mcq,4,,,,FALSE,FALSE,A,provisional,medium,FALSE,,,NCERT-level,Santhal hool (rebellion) took place in (1855-56),FALSE,
70th-reexam,2025-01-04,re-exam,I,108,Current Affairs,Awards & Appointments,simple_mcq,4,,,,FALSE,FALSE,A,provisional,easy,FALSE,,30,current_affairs,Current Chairman of ISRO (S. Somnath),FALSE,
70th-reexam,2025-01-04,re-exam,I,109,Geography,World,simple_mcq,4,,,,FALSE,FALSE,B,provisional,medium,FALSE,,,specialized reference,NOT associated with Australia Continent (Salwin Mountain),FALSE,
70th-reexam,2025-01-04,re-exam,I,110,Environment & Ecology,Climate & Pollution,simple_mcq,4,,,,FALSE,FALSE,B,provisional,easy,FALSE,,13,current_affairs,Country that hosted COP28 climate summit 2023 (UAE),FALSE,
70th-reexam,2025-01-04,re-exam,I,111,Science & Technology,Tech & Innovation,simple_mcq,4,,,,FALSE,FALSE,A,provisional,medium,FALSE,,15,current_affairs,Number of scientific payloads on Aditya L-1 mission (7),FALSE,
70th-reexam,2025-01-04,re-exam,I,112,Bihar-Specific,Recent Developments,simple_mcq,4,,,,FALSE,FALSE,C,provisional,medium,FALSE,,,current_affairs,Program Bihar Education Dept started via DD Bihar Apr 2020 (e-content class IX-X),FALSE,
70th-reexam,2025-01-04,re-exam,I,113,History,Modern,simple_mcq,4,,,,FALSE,FALSE,B,provisional,medium,FALSE,,,specialized reference,All India Trade Union Congress formed in the year (1920),FALSE,
70th-reexam,2025-01-04,re-exam,I,114,Science & Technology,Physics,simple_mcq,4,,,,FALSE,FALSE,A,provisional,medium,FALSE,,,NCERT-level,"As telescope objective lens diameter increases, resolution (increases)",FALSE,
70th-reexam,2025-01-04,re-exam,I,115,Current Affairs,International,simple_mcq,4,,,,FALSE,FALSE,B,provisional,easy,FALSE,,27,current_affairs,Prime Minister of Italy as of 2024 (Giorgia Meloni),FALSE,
70th-reexam,2025-01-04,re-exam,I,116,Current Affairs,National,simple_mcq,4,,,,FALSE,FALSE,C,provisional,medium,FALSE,,19,current_affairs,First Indian city declared 'City of Literature' by UNESCO (Kozhikode),FALSE,
70th-reexam,2025-01-04,re-exam,I,117,Bihar-Specific,History & Culture,simple_mcq,4,,,,FALSE,FALSE,D,provisional,medium,FALSE,,,specialized reference,World famous painting found in which district of Bihar (Madhubani),FALSE,
70th-reexam,2025-01-04,re-exam,I,118,Polity,Constitutional provisions,simple_mcq,4,,,,FALSE,FALSE,A,provisional,medium,FALSE,,,NCERT-level,Right a British citizen in India can NOT claim (Freedom of trade and profession),FALSE,
70th-reexam,2025-01-04,re-exam,I,119,History,Modern,simple_mcq,4,,,,FALSE,FALSE,C,provisional,medium,FALSE,,,NCERT-level,Who introduced permanent settlement in Bengal (Lord Cornwallis),FALSE,
70th-reexam,2025-01-04,re-exam,I,120,History,Modern,simple_mcq,4,,,,TRUE,TRUE,D,provisional,medium,FALSE,,,NCERT-level,Who threw harmless bombs in Central Legislative Assembly (More than one of the above),FALSE,
70th-reexam,2025-01-04,re-exam,I,121,Science & Technology,Chemistry,simple_mcq,4,,,,FALSE,FALSE,A,provisional,hard,FALSE,,,specialized reference,Seed used in production of engineered diamonds (Moissanite),FALSE,
70th-reexam,2025-01-04,re-exam,I,122,Bihar-Specific,Geography,simple_mcq,4,,,,FALSE,FALSE,B,provisional,medium,FALSE,,,specialized reference,Bihar district with highest fox nut (makhana) production (Madhubani),FALSE,
70th-reexam,2025-01-04,re-exam,I,123,History,Modern,simple_mcq,4,,,,FALSE,FALSE,B,provisional,medium,FALSE,,,specialized reference,Author of the book 'Gulamgiri' (Jyotiba Phule),FALSE,
70th-reexam,2025-01-04,re-exam,I,124,Geography,World,simple_mcq,4,,,,FALSE,FALSE,A,provisional,medium,FALSE,,,specialized reference,Dalmatian Coast is (River depositional),FALSE,
70th-reexam,2025-01-04,re-exam,I,125,Economy,Banking & finance,simple_mcq,4,,,,TRUE,TRUE,D,provisional,easy,FALSE,,,NCERT-level,Function of Central Bank (All of the above),FALSE,
70th-reexam,2025-01-04,re-exam,I,126,Science & Technology,Biology,simple_mcq,4,,,,FALSE,FALSE,B,provisional,medium,FALSE,,,NCERT-level,Nail nailed into tree trunk after 2 years will (remain at same position),FALSE,
70th-reexam,2025-01-04,re-exam,I,127,History,Modern,match_the_following,4,,4,,FALSE,FALSE,A,provisional,hard,FALSE,,,specialized reference,"Match 1857 leaders with territory (Kunwar Singh, Hazrat Mahal, Khan Bahadur, Maulvi Ahmadullah)",FALSE,
70th-reexam,2025-01-04,re-exam,I,128,History,Ancient,simple_mcq,4,,,,FALSE,FALSE,C,provisional,medium,FALSE,,,NCERT-level,Indus Valley city with trade with West Asia (Lothal),FALSE,
70th-reexam,2025-01-04,re-exam,I,129,Science & Technology,Physics,simple_mcq,4,,,,FALSE,FALSE,C,provisional,easy,FALSE,,,NCERT-level,Responsible for production of shadow (Rectilinear propagation of light),FALSE,
70th-reexam,2025-01-04,re-exam,I,130,History,Modern,simple_mcq,4,,,,FALSE,FALSE,A,provisional,medium,TRUE,Gaya session — Bihar-linked,,specialized reference,President of INC at Gaya Session 1922 (Chittaranjan Das),FALSE,
70th-reexam,2025-01-04,re-exam,I,131,Current Affairs,Schemes & Indices,simple_mcq,4,,,,FALSE,FALSE,A,provisional,easy,FALSE,,,current_affairs,Expanded form of UPI (Unified Payment Interface),FALSE,
70th-reexam,2025-01-04,re-exam,I,132,Science & Technology,Biology,simple_mcq,4,,,,FALSE,FALSE,B,provisional,medium,FALSE,,,NCERT-level,"Liver stores which vitamins (A, B, C and D)",FALSE,
70th-reexam,2025-01-04,re-exam,I,133,Geography,Economic,simple_mcq,4,,,,FALSE,FALSE,D,provisional,medium,FALSE,,,specialized reference,State of India called 'State of Minerals' (Jharkhand),FALSE,
70th-reexam,2025-01-04,re-exam,I,134,History,Ancient,simple_mcq,4,,,,FALSE,FALSE,A,provisional,medium,TRUE,could be Geography,,specialized reference,Chitrakoot temple is located in which State (Madhya Pradesh),FALSE,
70th-reexam,2025-01-04,re-exam,I,135,Polity,Constitutional provisions,simple_mcq,4,,,,FALSE,FALSE,D,provisional,medium,FALSE,,,NCERT-level,"Min age for MP Lok Sabha, MP Rajya Sabha, President (25, 30 and 35)",FALSE,
70th-reexam,2025-01-04,re-exam,I,136,Science & Technology,Physics,simple_mcq,4,,,,FALSE,FALSE,B,provisional,medium,FALSE,,,NCERT-level,Unit of measure of magnetic field (Tesla),FALSE,
70th-reexam,2025-01-04,re-exam,I,137,Current Affairs,Awards & Appointments,simple_mcq,4,,,,FALSE,FALSE,A,provisional,hard,FALSE,,,specialized reference,President of India + Ambassador to USA/China/Turkey/Thailand + JNU VC (R. Venkatraman),FALSE,
70th-reexam,2025-01-04,re-exam,I,138,Geography,Physical,simple_mcq,4,,,,FALSE,FALSE,B,provisional,medium,FALSE,,,specialized reference,Divi Island situated amid distributaries of which river (Krishna),FALSE,
70th-reexam,2025-01-04,re-exam,I,139,Reasoning & Aptitude,Logical/Verbal,reasoning_aptitude,4,,,,FALSE,FALSE,A,provisional,medium,FALSE,,,specialized reference,Venn diagram: Men that are both Businessman and Millionaire (3),FALSE,
70th-reexam,2025-01-04,re-exam,I,140,Economy,Macroeconomic concepts,simple_mcq,4,,,,FALSE,FALSE,D,provisional,medium,FALSE,,,NCERT-level,Which is a tool of Fiscal Policy (Taxes),FALSE,
70th-reexam,2025-01-04,re-exam,I,141,Environment & Ecology,Conservation & Policy,simple_mcq,4,,,,FALSE,FALSE,C,provisional,medium,TRUE,could be Sci & Tech,,current_affairs,Steam methane reforming technique used to obtain (Grey Hydrogen),FALSE,
70th-reexam,2025-01-04,re-exam,I,142,Polity,Constitutional provisions,simple_mcq,4,,,,FALSE,FALSE,D,provisional,medium,FALSE,,,NCERT-level,Primary function of Finance Commission (distribution of revenue Centre-States),FALSE,
70th-reexam,2025-01-04,re-exam,I,143,History,Modern,simple_mcq,4,,,,FALSE,FALSE,B,provisional,medium,FALSE,,,NCERT-level,Who first called Revolt of 1857 'First Indian War of Independence' (V.D. Savarkar),FALSE,
70th-reexam,2025-01-04,re-exam,I,144,Reasoning & Aptitude,Logical/Verbal,reasoning_aptitude,4,,,,FALSE,FALSE,A,provisional,medium,FALSE,,,specialized reference,Blood relation puzzle: A is (Wife of D),FALSE,
70th-reexam,2025-01-04,re-exam,I,145,Science & Technology,Chemistry,simple_mcq,4,,,,FALSE,FALSE,C,provisional,hard,FALSE,,,specialized reference,Reducing power order of metals by electrode potential (B>C>A),FALSE,
70th-reexam,2025-01-04,re-exam,I,146,Economy,Macroeconomic concepts,simple_mcq,4,,,,FALSE,FALSE,B,provisional,medium,FALSE,,,NCERT-level,NNP at factor cost is equal to (National Income),FALSE,
70th-reexam,2025-01-04,re-exam,I,147,History,Modern,match_the_following,4,,4,,FALSE,FALSE,C,provisional,hard,FALSE,,,specialized reference,"Match Pre-Congress organisations with leaders (Indian Association, Madras Mahajan Sabha, Bombay Presidency Assoc, Poona Sarvjanik Sabha)",FALSE,
70th-reexam,2025-01-04,re-exam,I,148,Science & Technology,Physics,simple_mcq,4,,,,FALSE,FALSE,C,provisional,medium,FALSE,,,NCERT-level,"Burn from steam vs air at 100C (more dangerous, high latent heat)",FALSE,
70th-reexam,2025-01-04,re-exam,I,149,Reasoning & Aptitude,Quantitative/Numerical,reasoning_aptitude,4,,,,FALSE,FALSE,A,provisional,medium,FALSE,,,specialized reference,"15 chairs in a row, P at middle, Q at 12th from right — chairs between (2)",FALSE,
70th-reexam,2025-01-04,re-exam,I,150,Bihar-Specific,History & Culture,simple_mcq,4,,,,FALSE,FALSE,C,provisional,medium,FALSE,,,specialized reference,When was Patna College established (1863),FALSE,
71st,2025-09-13,main,E,1,Reasoning & Aptitude,Logical/Verbal,reasoning_aptitude,4,,,,FALSE,FALSE,C,final,easy,FALSE,,,specialized reference,Odd one out (Microscope/Telescope/Stethoscope/Periscope),FALSE,
71st,2025-09-13,main,E,2,Reasoning & Aptitude,Logical/Verbal,reasoning_aptitude,4,,,,FALSE,FALSE,A,final,medium,FALSE,,,specialized reference,Code: SPRING=UNUFRC -> MOBILE,FALSE,
71st,2025-09-13,main,E,3,Reasoning & Aptitude,Logical/Verbal,reasoning_aptitude,4,,,,FALSE,FALSE,D,final,medium,FALSE,,,specialized reference,Blood relation: Mukesh & Rita (Father-in-law),FALSE,
71st,2025-09-13,main,E,4,Reasoning & Aptitude,Logical/Verbal,reasoning_aptitude,4,,,,FALSE,FALSE,A,final,easy,FALSE,,,specialized reference,"Direction: Ram goes North, right, right, left (East)",FALSE,
71st,2025-09-13,main,E,5,Reasoning & Aptitude,Logical/Verbal,reasoning_aptitude,4,,,,FALSE,FALSE,B,final,medium,FALSE,,,specialized reference,Alphabetical order — which name appears last,FALSE,
71st,2025-09-13,main,E,6,Reasoning & Aptitude,Quantitative/Numerical,reasoning_aptitude,4,,,,FALSE,FALSE,D,final,medium,FALSE,,,specialized reference,Ranking: Nitin's rank from the beginning (16th),FALSE,
71st,2025-09-13,main,E,7,Reasoning & Aptitude,Quantitative/Numerical,reasoning_aptitude,4,,,,FALSE,FALSE,A,final,medium,FALSE,,,specialized reference,Symbol-substitution arithmetic (77),FALSE,
71st,2025-09-13,main,E,8,Reasoning & Aptitude,Quantitative/Numerical,reasoning_aptitude,4,,,,FALSE,FALSE,D,final,medium,FALSE,,,specialized reference,"Ages of Seema and Laxmi (9, 50)",FALSE,
71st,2025-09-13,main,E,9,Reasoning & Aptitude,Quantitative/Numerical,reasoning_aptitude,4,,,,FALSE,FALSE,B,final,medium,FALSE,,,specialized reference,Missing number in 3x3 matrix (35),FALSE,
71st,2025-09-13,main,E,10,Reasoning & Aptitude,Logical/Verbal,reasoning_aptitude,4,,,,FALSE,FALSE,D,final,medium,FALSE,,,specialized reference,"Code: RAIN=8$%6, MORE=7#8@ -> REMAIN",FALSE,
71st,2025-09-13,main,E,11,Bihar-Specific,Recent Developments,simple_mcq,4,,,,FALSE,FALSE,Deleted,final,medium,TRUE,Bihar sports — could be Current Affairs/Sports,,current_affairs,Bronze medals by Bihar in 38th Nat'l Junior Athletics C'ship 2025 (Deleted),FALSE,
71st,2025-09-13,main,E,12,Bihar-Specific,Geography,simple_mcq,4,,,,FALSE,FALSE,C,final,medium,FALSE,,,current_affairs,"Districts benefiting from Kosi-Mechi Link Project (Araria, Purnea, Kishanganj, Katihar)",FALSE,
71st,2025-09-13,main,E,13,Current Affairs,National,simple_mcq,4,,,,FALSE,FALSE,D,final,medium,FALSE,,,current_affairs,Indian languages accorded Classical Language status (More than one),FALSE,
71st,2025-09-13,main,E,14,Environment & Ecology,Biodiversity,simple_mcq,4,,,,FALSE,FALSE,C,final,medium,TRUE,Nagi is in Bihar,,current_affairs,Org that recognized Nagi Bird Sanctuary as IBA (Bird Life International),FALSE,
71st,2025-09-13,main,E,15,Bihar-Specific,Recent Developments,simple_mcq,4,,,,FALSE,FALSE,B,final,medium,FALSE,,5,current_affairs,Where National Panchayati Raj Day 2025 event was organised (Madhubani),FALSE,
71st,2025-09-13,main,E,16,Science & Technology,Tech & Innovation,simple_mcq,4,,,,FALSE,FALSE,A,final,medium,TRUE,could be Current Affairs,,current_affairs,Primary objective of Lunar Trailblazer mission (map water on Moon),FALSE,
71st,2025-09-13,main,E,17,Current Affairs,International,simple_mcq,4,,,,FALSE,FALSE,C,final,easy,TRUE,static GK,,current_affairs,Afrikaners indicate which people (white minority in South Africa),FALSE,
71st,2025-09-13,main,E,18,Current Affairs,National,simple_mcq,4,,,,FALSE,FALSE,B,final,medium,TRUE,could be History/Art & Culture,,current_affairs,16th-century stepwell conserved by ASI + World Monuments Fund (Rajon ki Baoli),FALSE,
71st,2025-09-13,main,E,19,Current Affairs,International,simple_mcq,4,,,,FALSE,FALSE,B,final,medium,FALSE,,5,current_affairs,NYC mayor who proclaimed Apr 14 2025 Ambedkar Day (Eric Adams),FALSE,
71st,2025-09-13,main,E,20,Current Affairs,International,simple_mcq,4,,,,FALSE,FALSE,C,final,medium,FALSE,,,current_affairs,Permanent slogan of Eurovision Song Contest (United By Music),FALSE,
71st,2025-09-13,main,E,21,Science & Technology,Tech & Innovation,simple_mcq,4,,,,FALSE,FALSE,D,final,medium,TRUE,could be Current Affairs,7,current_affairs,What is true of ISRO's GSLV-F15 mission (More than one),FALSE,
71st,2025-09-13,main,E,22,Current Affairs,International,simple_mcq,4,,,,FALSE,FALSE,D,final,medium,FALSE,,,current_affairs,What is true of the 18th G20 Summit (More than one),FALSE,
71st,2025-09-13,main,E,23,Environment & Ecology,Climate & Pollution,simple_mcq,4,,,,FALSE,FALSE,C,final,medium,TRUE,could be Current Affairs,10,current_affairs,COP29 (Baku 2024) climate finance agreement ($300bn by 2035),FALSE,
71st,2025-09-13,main,E,24,Current Affairs,Awards & Appointments,simple_mcq,4,,,,FALSE,FALSE,C,final,medium,FALSE,,,current_affairs,Han Kang's 'The Vegetarian' won which award (International Booker),FALSE,
71st,2025-09-13,main,E,25,Environment & Ecology,Climate & Pollution,simple_mcq,4,,,,FALSE,FALSE,B,final,medium,FALSE,,4,current_affairs,Nepal glacier declared 'dead' May 2025 (Yala Glacier),FALSE,
71st,2025-09-13,main,E,26,Current Affairs,Schemes & Indices,simple_mcq,4,,,,FALSE,FALSE,A,final,medium,FALSE,,,current_affairs,UNDP HDI 2025 — India life expectancy in 2023 (72 years),FALSE,
71st,2025-09-13,main,E,27,Current Affairs,International,simple_mcq,4,,,,FALSE,FALSE,B,final,medium,FALSE,,7,current_affairs,AI Action Summit Feb 2025 city (Paris),FALSE,
71st,2025-09-13,main,E,28,Current Affairs,Awards & Appointments,simple_mcq,4,,,,FALSE,FALSE,B,final,easy,FALSE,,18,current_affairs,96th Academy Awards — Emma Stone Best Actress film (Poor Things),FALSE,
71st,2025-09-13,main,E,29,Current Affairs,Awards & Appointments,simple_mcq,4,,,,FALSE,FALSE,C,final,medium,FALSE,,,current_affairs,Gujarati film that won 70th National Film Award Best Feature (Kutch Express),FALSE,
71st,2025-09-13,main,E,30,Current Affairs,Awards & Appointments,simple_mcq,4,,,,FALSE,FALSE,D,final,medium,FALSE,,,current_affairs,Ramon Magsaysay Award 2024 recipient (More than one),FALSE,
71st,2025-09-13,main,E,31,Science & Technology,Tech & Innovation,simple_mcq,4,,,,FALSE,FALSE,D,final,medium,TRUE,defence — could be Current Affairs,,current_affairs,Statements about Akashteer (Army Air Defence) (More than one),FALSE,
71st,2025-09-13,main,E,32,Science & Technology,Tech & Innovation,simple_mcq,4,,,,FALSE,FALSE,D,final,medium,TRUE,could be Current Affairs,,current_affairs,Make-in-India indigenous defence platforms (More than one),FALSE,
71st,2025-09-13,main,E,33,Current Affairs,International,simple_mcq,4,,,,FALSE,FALSE,B,final,easy,FALSE,,,specialized reference,Holocaust Memorial Day observed on (January 27),FALSE,
71st,2025-09-13,main,E,34,Current Affairs,Awards & Appointments,simple_mcq,4,,,,FALSE,FALSE,B,final,medium,FALSE,,4,current_affairs,Banu Mushtaq's book that won 2025 International Booker (Heart Lamp),FALSE,
71st,2025-09-13,main,E,35,Geography,Physical,simple_mcq,4,,,,FALSE,FALSE,A,final,medium,FALSE,,,NCERT-level,Indus Waters Treaty eastern rivers — which is NOT one (Jhelum),FALSE,
71st,2025-09-13,main,E,36,Economy,Macroeconomic concepts,statement_based,4,4,,1 and 2,FALSE,FALSE,A,final,hard,TRUE,could be Current Affairs/Indices,,specialized reference,Capability Poverty Measure (CPM/UNDP) statements — which correct,FALSE,
71st,2025-09-13,main,E,37,Economy,Macroeconomic concepts,simple_mcq,4,,,,FALSE,FALSE,C,final,hard,FALSE,,,current_affairs,NOT among top-ten export commodities Apr-Sep 2024-25 (Basmati Rice),FALSE,
71st,2025-09-13,main,E,38,Environment & Ecology,Conservation & Policy,simple_mcq,4,,,,FALSE,FALSE,C,final,hard,FALSE,,,current_affairs,India State of Forest Report 2023 — which statement is correct,FALSE,
71st,2025-09-13,main,E,39,Economy,Macroeconomic concepts,simple_mcq,4,,,,FALSE,FALSE,B,final,hard,FALSE,,,current_affairs,Country with greater share than India in global services export 2023 (Ireland),FALSE,
71st,2025-09-13,main,E,40,Current Affairs,Schemes & Indices,simple_mcq,4,,,,TRUE,TRUE,D,final,medium,FALSE,,,current_affairs,U-WIN portal statements — which NOT correct (None of the above),FALSE,
71st,2025-09-13,main,E,41,Current Affairs,Schemes & Indices,simple_mcq,4,,,,FALSE,FALSE,B,final,hard,FALSE,,,current_affairs,Org that jointly developed NUIS Digital Blueprint with MoHUA (NIUA),FALSE,
71st,2025-09-13,main,E,42,Economy,Five-year plans & policy,simple_mcq,4,,,,FALSE,FALSE,A,final,medium,TRUE,could be Current Affairs,,current_affairs,State with highest road length under Bharatmala (31 Oct 2024) (Rajasthan),FALSE,
71st,2025-09-13,main,E,43,Economy,Banking & finance,simple_mcq,4,,,,FALSE,FALSE,B,final,hard,FALSE,,,current_affairs,Institution for Interest Subvention claims before Kisan Rin Portal (RBI & NABARD),FALSE,
71st,2025-09-13,main,E,44,Economy,Banking & finance,simple_mcq,4,,,,FALSE,FALSE,A,final,medium,FALSE,,,current_affairs,India's forex reserves (increased to ~USD 640 bn end Dec 2024),FALSE,
71st,2025-09-13,main,E,45,Current Affairs,Schemes & Indices,simple_mcq,4,,,,FALSE,FALSE,B,final,medium,TRUE,could be Economy,,current_affairs,NFHS-5 — state with <6% multidimensionally poor 2019-20 (Himachal Pradesh),FALSE,
71st,2025-09-13,main,E,46,Environment & Ecology,Conservation & Policy,match_the_following,4,,4,,FALSE,FALSE,C,final,hard,FALSE,,,current_affairs,"Match schemes with descriptions (PAT, MISHTI, LiFE, NCAP)",FALSE,
71st,2025-09-13,main,E,47,Economy,Macroeconomic concepts,simple_mcq,4,,,,FALSE,FALSE,A,final,hard,FALSE,,,current_affairs,PLFS 2023-24 report — which statement correct (rural female LFPR),FALSE,
71st,2025-09-13,main,E,48,Science & Technology,Tech & Innovation,simple_mcq,4,,,,FALSE,FALSE,C,final,hard,TRUE,could be Economy/policy,,current_affairs,NOT an outcome of STI Policy 2020 (Atal Innovation Mission),FALSE,
71st,2025-09-13,main,E,49,Economy,Macroeconomic concepts,simple_mcq,4,,,,FALSE,FALSE,B,final,hard,FALSE,,,current_affairs,MSME share in GVA 2020-21 to 2022-23 (27.3% to 30.1%),FALSE,
71st,2025-09-13,main,E,50,Economy,Macroeconomic concepts,statement_based,4,3,,Only 1,FALSE,FALSE,A,final,hard,FALSE,,,specialized reference,Indian cement industry statements — which correct,FALSE,
71st,2025-09-13,main,E,51,Bihar-Specific,Recent Developments,simple_mcq,4,,,,FALSE,FALSE,C,final,medium,FALSE,,,current_affairs,Primary objective of Bihar's Mission Daksh (personalised mentoring),FALSE,
71st,2025-09-13,main,E,52,Bihar-Specific,Economy,simple_mcq,4,,,,FALSE,FALSE,C,final,hard,FALSE,,,specialized reference,NOT a YUVA-framework component of Bihar Startup Policy 2022 (Intl market expansion),FALSE,
71st,2025-09-13,main,E,53,Bihar-Specific,Economy,simple_mcq,4,,,,FALSE,FALSE,D,final,hard,FALSE,,,specialized reference,Bihar economic performance 2023-24 — which correct (More than one),FALSE,
71st,2025-09-13,main,E,54,Bihar-Specific,Economy,statement_based,4,3,,1 and 2,FALSE,FALSE,A,final,hard,FALSE,,,specialized reference,Bihar demographic statements — which correct,FALSE,
71st,2025-09-13,main,E,55,Bihar-Specific,Economy,simple_mcq,4,,,,FALSE,FALSE,B,final,medium,FALSE,,,specialized reference,PLFS 2023-24 — nature of women's employment in Bihar (self-employed helpers),FALSE,
71st,2025-09-13,main,E,56,Polity,Constitutional provisions,simple_mcq,4,,,,FALSE,FALSE,D,final,medium,FALSE,,,NCERT-level,Power to recruit Secretarial staff of the House of the People (President + Speaker),FALSE,
71st,2025-09-13,main,E,57,Polity,Constitutional provisions,simple_mcq,4,,,,FALSE,FALSE,B,final,medium,FALSE,,,NCERT-level,Attorney General of India — which is true,FALSE,
71st,2025-09-13,main,E,58,Polity,Constitutional provisions,statement_based,4,4,,1 and 4,FALSE,FALSE,A,final,hard,FALSE,,,NCERT-level,Which subjects belong to the Concurrent List,FALSE,
71st,2025-09-13,main,E,59,Polity,Constitutional provisions,statement_based,4,4,,2 and 4,FALSE,FALSE,C,final,medium,FALSE,,,NCERT-level,Which DPSP do NOT follow Gandhian Principles,FALSE,
71st,2025-09-13,main,E,60,Polity,Constitutional provisions,simple_mcq,4,,,,FALSE,FALSE,C,final,medium,FALSE,,,NCERT-level,Which schedule-pair is NOT correctly matched,FALSE,
71st,2025-09-13,main,E,61,Polity,Constitutional provisions,statement_based,4,2,,Only 2,FALSE,FALSE,B,final,medium,FALSE,,,NCERT-level,Central Government statements — which correct,FALSE,
71st,2025-09-13,main,E,62,Polity,Constitutional provisions,simple_mcq,4,,,,FALSE,FALSE,A,final,medium,FALSE,,,NCERT-level,Proceedings of the State Legislature — what is true,FALSE,
71st,2025-09-13,main,E,63,Polity,Constitutional provisions,statement_based,4,4,,1 and 2,FALSE,FALSE,A,final,hard,FALSE,,,specialized reference,Reasonable restrictions on Fundamental Rights statements — which correct,FALSE,
71st,2025-09-13,main,E,64,Polity,Constitutional provisions,simple_mcq,4,,,,FALSE,FALSE,C,final,medium,FALSE,,,NCERT-level,Who determines qualification for Finance Commission member (Parliament by act),FALSE,
71st,2025-09-13,main,E,65,Polity,Constitutional provisions,statement_based,4,4,,Only 4,FALSE,FALSE,D,final,hard,FALSE,,,NCERT-level,Summoning/Prorogation/Dissolution statements — which NOT true,FALSE,
71st,2025-09-13,main,E,66,Polity,Panchayati Raj & local governance,simple_mcq,4,,,,FALSE,FALSE,D,final,medium,FALSE,,,NCERT-level,Who reviews financial position of Panchayats (Finance Commission by Governor),FALSE,
71st,2025-09-13,main,E,67,Economy,Five-year plans & policy,statement_based,4,2,,Both 1 and 2,FALSE,FALSE,C,final,medium,FALSE,,,NCERT-level,Atmanirbhar Bharat Scheme helps in — statements,FALSE,
71st,2025-09-13,main,E,68,Polity,Panchayati Raj & local governance,simple_mcq,4,,,,FALSE,FALSE,D,final,medium,FALSE,,,NCERT-level,Main purpose of Panchayati Raj (participate in development admin),FALSE,
71st,2025-09-13,main,E,69,Polity,Constitutional provisions,simple_mcq,4,,,,FALSE,FALSE,Deleted,final,medium,FALSE,,,NCERT-level,What is true about Censure Motion (Deleted),FALSE,
71st,2025-09-13,main,E,70,Polity,Constitutional provisions,simple_mcq,4,,,,FALSE,FALSE,C,final,medium,FALSE,,,NCERT-level,Subject in jurisdiction of both HC and SC (protection of FRs),FALSE,
71st,2025-09-13,main,E,71,History,Modern,simple_mcq,4,,,,FALSE,FALSE,B,final,medium,FALSE,,,specialized reference,Leader who first used 'safety-valve theory' vs Moderates (Lala Lajpat Rai),FALSE,
71st,2025-09-13,main,E,72,History,Modern,simple_mcq,4,,,,FALSE,FALSE,C,final,medium,FALSE,,,specialized reference,Viceroy at whose Delhi state entry a bomb was thrown (Lord Hardinge),FALSE,
71st,2025-09-13,main,E,73,History,Modern,simple_mcq,4,,,,FALSE,FALSE,C,final,hard,FALSE,,,specialized reference,Professor of Indian Philosophy at Univ of California 1911 (Har Dayal),FALSE,
71st,2025-09-13,main,E,74,History,Modern,simple_mcq,4,,,,FALSE,FALSE,D,final,hard,FALSE,,,specialized reference,MAO College Aligarh Principal who encouraged Muslim communalism (Theodore Beck),FALSE,
71st,2025-09-13,main,E,75,History,Modern,simple_mcq,4,,,,FALSE,FALSE,Deleted,final,medium,FALSE,,,specialized reference,'The Young India' Nationalist paper started by (Deleted),FALSE,
71st,2025-09-13,main,E,76,History,Modern,simple_mcq,4,,,,FALSE,FALSE,C,final,medium,FALSE,,,NCERT-level,Commission that accentuated discontent (no Indian member) (Simon Commission),FALSE,
71st,2025-09-13,main,E,77,History,Modern,simple_mcq,4,,,,FALSE,FALSE,D,final,easy,FALSE,,,NCERT-level,Who assumed INA command and gave 'Chalo Delhi' (Subhash Chandra Bose),FALSE,
71st,2025-09-13,main,E,78,History,Modern,simple_mcq,4,,,,FALSE,FALSE,B,final,medium,FALSE,,,specialized reference,'We shall either free India or die...' who said it (Mahatma Gandhi),FALSE,
71st,2025-09-13,main,E,79,History,Modern,simple_mcq,4,,,,FALSE,FALSE,B,final,medium,FALSE,,,specialized reference,Who raised the cry 'Divide and Quit' (M.A. Jinnah),FALSE,
71st,2025-09-13,main,E,80,History,Modern,simple_mcq,4,,,,FALSE,FALSE,C,final,easy,FALSE,,,NCERT-level,Act that provided for partition into India and Pakistan (Indian Independence Act 1947),FALSE,
71st,2025-09-13,main,E,81,Bihar-Specific,History & Culture,simple_mcq,4,,,,FALSE,FALSE,B,final,medium,FALSE,,,specialized reference,Congress leader who visited Bihar 1918 for Home Rule League (Annie Besant),FALSE,
71st,2025-09-13,main,E,82,Bihar-Specific,History & Culture,simple_mcq,4,,,,FALSE,FALSE,A,final,medium,FALSE,,,NCERT-level,Champaran Agrarian Committee — agreement between (Govt and Gandhiji),FALSE,
71st,2025-09-13,main,E,83,Bihar-Specific,History & Culture,simple_mcq,4,,,,FALSE,FALSE,B,final,medium,FALSE,,,specialized reference,Prominent leader of Kisan Sabha movement in Bihar (Sahajanand Saraswati),FALSE,
71st,2025-09-13,main,E,84,Bihar-Specific,History & Culture,simple_mcq,4,,,,TRUE,TRUE,D,final,hard,FALSE,,,specialized reference,Who was murdered hoisting flag near Bikram Police Station (None of the above),FALSE,
71st,2025-09-13,main,E,85,Bihar-Specific,History & Culture,simple_mcq,4,,,,TRUE,TRUE,D,final,hard,FALSE,,,specialized reference,Who became CM of Bihar in March 1939 (None of the above),FALSE,
71st,2025-09-13,main,E,86,History,Ancient,match_the_following,4,,4,,FALSE,FALSE,B,final,hard,FALSE,,,specialized reference,"Match ancient India places with present state (Karnasuvarna, Pragjyotish, Girnar, Pratishthan)",FALSE,
71st,2025-09-13,main,E,87,History,Ancient,simple_mcq,4,,,,FALSE,FALSE,B,final,medium,FALSE,,,specialized reference,Which is NOT related to the Rigvedic period (Gargi),FALSE,
71st,2025-09-13,main,E,88,History,Ancient,match_the_following,4,,4,,FALSE,FALSE,A,final,hard,FALSE,,,specialized reference,"Match event/place with person (Chola Gangam Lake, Dharma Mahamatra, Prayag, Sudarshan Lake)",FALSE,
71st,2025-09-13,main,E,89,History,Medieval,simple_mcq,4,,,,FALSE,FALSE,C,final,medium,FALSE,,,specialized reference,Which ruler ruled for the maximum period (Bahlol Lodi),FALSE,
71st,2025-09-13,main,E,90,History,Ancient,statement_based,4,4,,2-1-4-3,FALSE,FALSE,A,final,medium,FALSE,,,NCERT-level,"Chronological order of dynasties (Shunga, Maurya, Kushana, Kanva)",FALSE,
71st,2025-09-13,main,E,91,History,Medieval,simple_mcq,4,,,,FALSE,FALSE,C,final,medium,FALSE,,,specialized reference,Which is NOT written by Tulsidas (Sahitya Lahari),FALSE,
71st,2025-09-13,main,E,92,History,Medieval,match_the_following,4,,4,,FALSE,FALSE,A,final,hard,FALSE,,,specialized reference,"Match building with builder (Kabuli Bagh Mosque, Adhai Din Ka Jhopra, Allahabad Fort, Itmad-ud-Daulah)",FALSE,
71st,2025-09-13,main,E,93,History,Modern,simple_mcq,4,,,,FALSE,FALSE,A,final,medium,FALSE,,,specialized reference,Which is NOT correctly matched (person-associated) (James A. Hicky-Calcutta Chronicle),FALSE,
71st,2025-09-13,main,E,94,History,Medieval,match_the_following,4,,4,,FALSE,FALSE,B,final,hard,FALSE,,,specialized reference,"Match Mughal father with son (Babar, Akbar, Shah Jahan, Jahangir)",FALSE,
71st,2025-09-13,main,E,95,History,Ancient,simple_mcq,4,,,,FALSE,FALSE,D,final,medium,TRUE,Bihar-linked,,NCERT-level,Which Buddhist council was NOT held in Bihar (Fourth),FALSE,
71st,2025-09-13,main,E,96,History,Modern,statement_based,4,3,,,FALSE,FALSE,Deleted,final,medium,FALSE,,,specialized reference,Subhas Chandra Bose statements — which correct (Deleted),FALSE,
71st,2025-09-13,main,E,97,History,Ancient,simple_mcq,4,,,,FALSE,FALSE,B,final,medium,TRUE,Nalanda is in Bihar,,specialized reference,Who was NOT an Acharya at Nalanda (Kautilya),FALSE,
71st,2025-09-13,main,E,98,History,Modern,statement_based,4,4,,3-1-2-4,FALSE,FALSE,B,final,hard,FALSE,,,specialized reference,"Chronological order (Nand Kumar, Salbai, Wandiwash, Tipu death)",FALSE,
71st,2025-09-13,main,E,99,Bihar-Specific,History & Culture,simple_mcq,4,,,,FALSE,FALSE,B,final,hard,FALSE,,,specialized reference,First-published newspaper of Bihar (Patna Harkara),FALSE,
71st,2025-09-13,main,E,100,Bihar-Specific,History & Culture,match_the_following,4,,4,,FALSE,FALSE,D,final,hard,FALSE,,,specialized reference,"Match Bihar event/org with person (Champaran, Azad Dasta, Individual Satyagraha, Kisan Sabha)",FALSE,
71st,2025-09-13,main,E,101,Geography,World,simple_mcq,4,,,,FALSE,FALSE,B,final,easy,FALSE,,,NCERT-level,Maginot Line exists between which countries (France & Germany),FALSE,
71st,2025-09-13,main,E,102,Geography,World,simple_mcq,4,,,,FALSE,FALSE,A,final,easy,FALSE,,,NCERT-level,Strait of Hormuz connects (Persian Gulf to Gulf of Oman),FALSE,
71st,2025-09-13,main,E,103,Geography,World,simple_mcq,4,,,,FALSE,FALSE,B,final,easy,FALSE,,,NCERT-level,Where is 'Ground Zero' (New York),FALSE,
71st,2025-09-13,main,E,104,Geography,World,simple_mcq,4,,,,FALSE,FALSE,B,final,medium,FALSE,,,specialized reference,Isthmus known as 'Devil's Neck' (Isthmus of Panama),FALSE,
71st,2025-09-13,main,E,105,Geography,Human,simple_mcq,4,,,,FALSE,FALSE,A,final,medium,FALSE,,,NCERT-level,Ladang refers to (Shifting Agriculture),FALSE,
71st,2025-09-13,main,E,106,Geography,Physical,simple_mcq,4,,,,FALSE,FALSE,B,final,easy,FALSE,,,NCERT-level,Largest river island in the world (Majuli),FALSE,
71st,2025-09-13,main,E,107,Geography,Physical,simple_mcq,4,,,,FALSE,FALSE,C,final,medium,FALSE,,,NCERT-level,Second largest river basin of India (final key: Narmada),FALSE,
71st,2025-09-13,main,E,108,Geography,Physical,simple_mcq,4,,,,FALSE,FALSE,D,final,medium,FALSE,,,NCERT-level,Confluence of Alaknanda and Bhagirathi (Devprayag),FALSE,
71st,2025-09-13,main,E,109,Geography,Physical,simple_mcq,4,,,,FALSE,FALSE,D,final,medium,FALSE,,,NCERT-level,Two volcanic islands in Indian Territory (Narcondam and Barren),FALSE,
71st,2025-09-13,main,E,110,Current Affairs,National,simple_mcq,4,,,,FALSE,FALSE,D,final,medium,TRUE,GI tag — could be Geography/Economic,,current_affairs,Meerut GI-tag item (Scissors),FALSE,
71st,2025-09-13,main,E,111,Environment & Ecology,Conservation & Policy,simple_mcq,4,,,,FALSE,FALSE,A,final,medium,FALSE,,,specialized reference,Temperate Forest Research Centre city (Shimla),FALSE,
71st,2025-09-13,main,E,112,Environment & Ecology,Biodiversity,simple_mcq,4,,,,FALSE,FALSE,C,final,easy,FALSE,,,NCERT-level,Kanha National Park is in (Madhya Pradesh),FALSE,
71st,2025-09-13,main,E,113,Geography,Physical,simple_mcq,4,,,,FALSE,FALSE,B,final,easy,FALSE,,,NCERT-level,'Loktak' is a (Lake),FALSE,
71st,2025-09-13,main,E,114,Bihar-Specific,Geography,simple_mcq,4,,,,FALSE,FALSE,A,final,medium,TRUE,could be Environment,,specialized reference,Parks under Project Tiger in Bihar (Valmiki National Park),FALSE,
71st,2025-09-13,main,E,115,Bihar-Specific,Geography,simple_mcq,4,,,,FALSE,FALSE,B,final,medium,FALSE,,,specialized reference,State animal of Bihar (Bull/Ox),FALSE,
71st,2025-09-13,main,E,116,Bihar-Specific,Recent Developments,simple_mcq,4,,,,FALSE,FALSE,D,final,medium,FALSE,,,specialized reference,Year Nalanda University re-established in Bihar (2014),FALSE,
71st,2025-09-13,main,E,117,Bihar-Specific,Geography,simple_mcq,4,,,,FALSE,FALSE,A,final,medium,FALSE,,,specialized reference,Karmanasa river originates in (Kaimur District),FALSE,
71st,2025-09-13,main,E,118,Bihar-Specific,Geography,simple_mcq,4,,,,FALSE,FALSE,Deleted,final,medium,FALSE,,,specialized reference,Bihar produces __% of India's pyrite (Deleted),FALSE,
71st,2025-09-13,main,E,119,Bihar-Specific,Geography,simple_mcq,4,,,,FALSE,FALSE,B,final,medium,FALSE,,,specialized reference,Gold found in which district of Bihar (Jamui),FALSE,
71st,2025-09-13,main,E,120,Bihar-Specific,Geography,simple_mcq,4,,,,FALSE,FALSE,A,final,medium,FALSE,,,specialized reference,Climate type of most of Bihar (Subtropical Monsoon),FALSE,
71st,2025-09-13,main,E,121,Science & Technology,Physics,simple_mcq,4,,,,FALSE,FALSE,B,final,medium,FALSE,,,NCERT-level,Marginal friction force on box at constant velocity (200 N),FALSE,
71st,2025-09-13,main,E,122,Science & Technology,Physics,simple_mcq,4,,,,FALSE,FALSE,D,final,hard,FALSE,,,specialized reference,Force on truck (final key: 13000 N),FALSE,
71st,2025-09-13,main,E,123,Science & Technology,Physics,simple_mcq,4,,,,FALSE,FALSE,C,final,medium,FALSE,,,NCERT-level,250 units of energy in Joule (9x10^8),FALSE,
71st,2025-09-13,main,E,124,Science & Technology,Physics,simple_mcq,4,,,,FALSE,FALSE,A,final,easy,FALSE,,,NCERT-level,Medium with maximum speed of sound (Steel),FALSE,
71st,2025-09-13,main,E,125,Science & Technology,Physics,simple_mcq,4,,,,FALSE,FALSE,B,final,medium,FALSE,,,NCERT-level,Freely falling body PE decreases — energy conservation not violated,FALSE,
71st,2025-09-13,main,E,126,Science & Technology,Physics,simple_mcq,4,,,,FALSE,FALSE,C,final,easy,FALSE,,,NCERT-level,Work done by oxen ploughing (2100 Joule),FALSE,
71st,2025-09-13,main,E,127,Science & Technology,Physics,simple_mcq,4,,,,FALSE,FALSE,D,final,easy,FALSE,,,NCERT-level,Focal distance of a plane mirror (Infinity),FALSE,
71st,2025-09-13,main,E,128,Science & Technology,Physics,simple_mcq,4,,,,FALSE,FALSE,B,final,medium,FALSE,,,NCERT-level,Which term does NOT denote electric power (IR^2),FALSE,
71st,2025-09-13,main,E,129,Science & Technology,Physics,simple_mcq,4,,,,FALSE,FALSE,C,final,easy,FALSE,,,NCERT-level,"In short circuit, electric current (increases very high)",FALSE,
71st,2025-09-13,main,E,130,Science & Technology,Physics,simple_mcq,4,,,,FALSE,FALSE,A,final,easy,FALSE,,,NCERT-level,Device to protect equipment from electric shock (Fuse),FALSE,
71st,2025-09-13,main,E,131,Science & Technology,Chemistry,simple_mcq,4,,,,FALSE,FALSE,A,final,easy,FALSE,,,NCERT-level,pH of 0.1 N HCl solution (1.0),FALSE,
71st,2025-09-13,main,E,132,Science & Technology,Chemistry,simple_mcq,4,,,,FALSE,FALSE,A,final,hard,FALSE,,,specialized reference,Compound known as night-glowing pigment (Europium doped strontium aluminate),FALSE,
71st,2025-09-13,main,E,133,Science & Technology,Tech & Innovation,simple_mcq,4,,,,FALSE,FALSE,A,final,hard,FALSE,,,specialized reference,Material used for smart film (Indium tin oxide),FALSE,
71st,2025-09-13,main,E,134,Science & Technology,Chemistry,simple_mcq,4,,,,FALSE,FALSE,A,final,hard,FALSE,,,specialized reference,Metal compound used for carcinoma treatment (Platinum),FALSE,
71st,2025-09-13,main,E,135,Science & Technology,Chemistry,simple_mcq,4,,,,FALSE,FALSE,B,final,medium,FALSE,,,specialized reference,Compound used in contraceptive pills (Levonorgestrel),FALSE,
71st,2025-09-13,main,E,136,Science & Technology,Chemistry,simple_mcq,4,,,,TRUE,TRUE,D,final,medium,FALSE,,,NCERT-level,Why oil is not stored in galvanized iron pot (All of above),FALSE,
71st,2025-09-13,main,E,137,Science & Technology,Chemistry,simple_mcq,4,,,,FALSE,FALSE,C,final,medium,FALSE,,,NCERT-level,Compound used to increase octane rating (Tetraethyllead),FALSE,
71st,2025-09-13,main,E,138,Science & Technology,Chemistry,simple_mcq,4,,,,FALSE,FALSE,C,final,hard,FALSE,,,specialized reference,Full form of PHBV biodegradable polymer,FALSE,
71st,2025-09-13,main,E,139,Science & Technology,Biology,simple_mcq,4,,,,FALSE,FALSE,D,final,easy,FALSE,,,NCERT-level,Hormones are secreted by (Endocrine glands),FALSE,
71st,2025-09-13,main,E,140,Science & Technology,Biology,simple_mcq,4,,,,FALSE,FALSE,D,final,medium,FALSE,,,NCERT-level,Herpes simplex virus-human interaction (Parasitism),FALSE,
71st,2025-09-13,main,E,141,Science & Technology,Biology,simple_mcq,4,,,,FALSE,FALSE,C,final,medium,FALSE,,,specialized reference,First immunoglobulin produced in response to infection (IgM),FALSE,
71st,2025-09-13,main,E,142,Science & Technology,Biology,simple_mcq,4,,,,FALSE,FALSE,A,final,medium,FALSE,,,NCERT-level,Biological membranes composed of (lipids and proteins),FALSE,
71st,2025-09-13,main,E,143,Science & Technology,Biology,simple_mcq,4,,,,FALSE,FALSE,A,final,medium,FALSE,,,NCERT-level,Which is a non-sense codon (UAA),FALSE,
71st,2025-09-13,main,E,144,Environment & Ecology,Biodiversity,simple_mcq,4,,,,FALSE,FALSE,C,final,easy,FALSE,,,NCERT-level,Species in danger of extinction known as (Endangered),FALSE,
71st,2025-09-13,main,E,145,Geography,Economic,simple_mcq,4,,,,FALSE,FALSE,A,final,easy,FALSE,,,NCERT-level,Which is a Kharif crop (Sugarcane),FALSE,
71st,2025-09-13,main,E,146,Science & Technology,Biology,simple_mcq,4,,,,FALSE,FALSE,A,final,easy,FALSE,,,NCERT-level,Xylem in plants is responsible for (transport of water/minerals),FALSE,
71st,2025-09-13,main,E,147,Science & Technology,Biology,simple_mcq,4,,,,FALSE,FALSE,C,final,hard,FALSE,,,specialized reference,Who first used vascular tissue in plant classification (A.P. de Candolle),FALSE,
71st,2025-09-13,main,E,148,Science & Technology,Biology,simple_mcq,4,,,,FALSE,FALSE,B,final,easy,FALSE,,,NCERT-level,Part we eat in Mango (Mesocarp),FALSE,
71st,2025-09-13,main,E,149,Environment & Ecology,Climate & Pollution,simple_mcq,4,,,,FALSE,FALSE,A,final,easy,FALSE,,,NCERT-level,Ozone Day celebrated on (16 September),FALSE,
71st,2025-09-13,main,E,150,Science & Technology,Biology,simple_mcq,4,,,,FALSE,FALSE,D,final,medium,FALSE,,,NCERT-level,Advantage of plant in mycorrhizal association (increased mineral absorption),FALSE,
